,AbnormalExtFormActionR,AbnormalFormAction,AgeDomain,AtSymbol,DomainInSubdomains,DoubleSlashInPath,EmbeddedBrandName,ExtFavicon,ExtMetaScriptLinkRT,FakeLinkInStatusBar,FrequentDomainNameMismatch,HostnameLength,HttpsInPath,IframeOrFrame,ImagesOnlyInForm,IpAddress,Malicious,MissingTitle,NoHttps,NumAmpersand,NumDash,NumDashInHost,NumDots,NumHash,NumNumericChars,NumPercent,NumQueryComponents,NumSensitiveWords,NumUnderscore,PathLength,PathLevel,PctExtHyperlinks,PctExtNullSelfRedirectHyperlinksRT,PctExtResourceUrls,PctExtResourceUrlsRT,PctNullSelfRedirectHyperlinks,PopUpWindow,QueryLength,RelativeFormAction,RightClickDisabled,SubdomainLevel,SubdomainLevelRT,SubmitInfoToEmail,TildeSymbol,URL,UrlLength,UrlLengthRT,rank_country,rank_host,src_escape_cnt,src_eval_cnt,src_exec_cnt,src_search_cnt
0,-1,0,0,0,0,0,0,0,-1,0,1,25,0,-1,0,0,1,1.0,0,0,0,0,3,0,0,0,0,1,0,18,2,0.0,-1.0,0.0,-1,0.0,-1,0,0,-1,1,0,-1,0,www.mentalhealthcheck.net/update/counter.js,50,1,-1,-1,0,0,0,0
1,-1,0,0,0,0,0,0,0,-1,0,1,20,0,-1,0,0,1,1.0,0,0,0,0,1,0,0,0,0,0,0,1,1,0.0,-1.0,0.0,-1,0.0,-1,0,0,-1,0,-1,-1,0,ocffdfbddkecaodn.ga /,28,1,-1,-1,0,0,0,0
2,-1,0,0,0,0,0,0,0,-1,0,1,21,0,-1,0,0,1,1.0,0,0,0,0,1,0,0,0,0,0,0,1,1,0.0,-1.0,0.0,-1,0.0,-1,0,0,-1,0,-1,-1,0,baadaddbbcdddfbf.com /,29,1,-1,-1,0,0,0,0
3,-1,0,0,0,0,0,0,0,-1,0,1,20,0,-1,0,0,1,1.0,0,0,0,0,1,0,0,0,0,0,0,1,1,0.0,-1.0,0.0,-1,0.0,-1,0,0,-1,0,-1,-1,0,nclaamaobdancdfc.ga /,28,1,-1,-1,0,0,0,0
4,-1,0,0,0,0,0,0,0,-1,0,1,17,0,-1,0,0,1,1.0,0,0,0,0,4,0,1,0,1,1,0,9,1,0.0,-1.0,0.0,-1,0.0,-1,7,0,-1,1,0,-1,0,www.fapoergol.top/read.php?f=1.gif,41,1,-1,-1,0,0,0,0
5,-1,0,0,0,0,0,0,0,-1,0,1,14,0,-1,0,0,1,1.0,0,0,0,0,3,0,1,0,1,1,0,11,2,0.0,-1.0,0.0,-1,0.0,-1,7,0,-1,0,-1,-1,0,folueaport.top/admin.php/?f=1.dat,40,1,-1,-1,0,0,0,0
6,-1,0,0,0,0,0,0,0,-1,0,1,20,0,-1,0,0,1,1.0,0,0,0,0,1,0,0,0,0,0,0,1,1,0.0,-1.0,0.0,-1,0.0,-1,0,0,-1,0,-1,-1,0,facecaneblkdelaa.ga /,28,1,-1,-1,0,0,0,0
7,-1,0,0,0,0,0,1,0,-1,0,1,18,0,-1,0,0,1,1.0,0,0,0,0,1,0,0,0,0,0,0,10,1,0.0,-1.0,0.0,-1,0.0,-1,0,0,-1,1,0,-1,0,horizontallyzg.big/etadevaud,35,1,-1,-1,0,0,0,0
8,-1,0,0,0,0,0,0,0,-1,0,1,20,0,-1,0,0,1,1.0,0,0,0,0,1,0,0,0,0,0,0,1,1,0.0,-1.0,0.0,-1,0.0,-1,0,0,-1,0,-1,-1,0,odolcmeobfdoceoc.ga /,28,1,-1,-1,0,0,0,0
9,-1,0,0,0,0,0,0,0,-1,0,1,14,0,-1,0,0,1,1.0,0,0,0,0,4,0,2,0,2,1,0,10,1,0.0,-1.0,0.0,-1,0.0,-1,15,0,-1,0,-1,-1,0,folueaport.top/admin.php?f=1.dat?f=1.dat,47,1,-1,-1,0,0,0,0
10,-1,0,0,0,0,0,0,0,-1,0,1,20,0,-1,0,0,1,1.0,0,0,0,0,1,0,0,0,0,0,0,1,1,0.0,-1.0,0.0,-1,0.0,-1,0,0,-1,0,-1,-1,0,bbdlaaknebmakccc.tk /,28,1,-1,-1,0,0,0,0
11,-1,0,0,0,0,0,0,0,-1,0,1,20,0,-1,0,0,1,1.0,0,0,0,0,1,0,0,0,0,0,0,1,1,0.0,-1.0,0.0,-1,0.0,-1,0,0,-1,0,-1,-1,0,kbdkccncefclamfd.tk /,28,1,-1,-1,0,0,0,0
12,-1,0,0,0,0,0,0,0,-1,0,1,20,0,-1,0,0,1,1.0,0,0,0,0,1,0,0,0,0,0,0,1,1,0.0,-1.0,0.0,-1,0.0,-1,0,0,-1,0,-1,-1,0,fonbbcnoffoadlcc.ga /,28,1,-1,-1,0,0,0,0
13,-1,0,0,0,0,0,0,0,-1,0,1,22,0,-1,0,0,1,1.0,0,0,0,0,1,0,1,0,0,0,0,1,1,0.0,-1.0,0.0,-1,0.0,-1,0,0,-1,0,-1,-1,0,padcrympj5rvgwed.onion/,30,1,-1,-1,0,0,0,0
14,-1,0,0,0,0,0,0,0,-1,0,1,25,0,-1,0,0,1,1.0,0,0,0,0,3,0,0,0,0,1,0,17,2,0.0,-1.0,0.0,-1,0.0,-1,0,0,-1,1,0,-1,0,www.mentalhealthcheck.net/update/check.php,49,1,-1,-1,0,0,0,0
15,-1,0,0,0,0,0,0,0,-1,0,1,22,0,-1,0,0,1,1.0,0,0,0,0,1,0,1,0,0,0,0,1,1,0.0,-1.0,0.0,-1,0.0,-1,0,0,-1,0,-1,-1,0,nemesiqoaxtca4ve.onion/,30,1,-1,-1,0,0,0,0
16,-1,0,0,0,0,0,0,0,-1,0,1,20,0,-1,0,0,1,1.0,0,0,0,0,1,0,0,0,0,0,0,1,1,0.0,-1.0,0.0,-1,0.0,-1,0,0,-1,0,-1,-1,0,bfkacnklaaobddeb.tk /,28,1,-1,-1,0,0,0,0
17,-1,0,0,0,0,0,0,0,-1,0,1,20,0,-1,0,0,1,1.0,0,0,0,0,1,0,0,0,0,0,0,1,1,0.0,-1.0,0.0,-1,0.0,-1,0,0,-1,0,-1,-1,0,enmfonlfcfldbldb.tk /,28,1,-1,-1,0,0,0,0
18,-1,0,0,0,0,0,0,0,-1,0,1,20,0,-1,0,0,1,1.0,0,0,0,0,1,0,0,0,0,0,0,1,1,0.0,-1.0,0.0,-1,0.0,-1,0,0,-1,0,-1,-1,0,bdmedlmolffobcan.de /,28,1,-1,-1,0,0,0,0
19,-1,0,0,0,0,0,0,0,-1,0,1,22,0,-1,0,0,1,1.0,0,0,0,0,1,0,0,0,0,0,0,1,1,0.0,-1.0,0.0,-1,0.0,-1,0,0,-1,0,-1,-1,0,bnkefbfbmcbmafad.info /,30,1,-1,-1,0,0,0,0
20,-1,0,0,0,0,0,0,0,-1,0,1,20,0,-1,0,0,1,1.0,0,0,0,0,1,0,0,0,0,0,0,1,1,0.0,-1.0,0.0,-1,0.0,-1,0,0,-1,0,-1,-1,0,alkecncdokffccfl.cc /,28,1,-1,-1,0,0,0,0
21,-1,0,0,0,0,0,0,0,-1,0,1,21,0,-1,0,0,1,1.0,0,0,0,0,1,0,0,0,0,0,0,1,1,0.0,-1.0,0.0,-1,0.0,-1,0,0,-1,0,-1,-1,0,cacdadondfefdfco.org /,29,1,-1,-1,0,0,0,0
22,-1,0,0,0,0,0,0,0,-1,0,1,20,0,-1,0,0,1,1.0,0,0,0,0,1,0,0,0,0,0,0,1,1,0.0,-1.0,0.0,-1,0.0,-1,0,0,-1,0,-1,-1,0,eabnlfbemedakmkc.ga /,28,1,-1,-1,0,0,0,0
23,-1,0,0,0,0,0,0,0,-1,0,1,20,0,-1,0,0,1,1.0,0,0,0,0,1,0,0,0,0,0,0,1,1,0.0,-1.0,0.0,-1,0.0,-1,0,0,-1,0,-1,-1,0,mcmfaedcbcaacbmk.ga /,28,1,-1,-1,0,0,0,0
24,-1,0,0,0,0,0,0,0,-1,0,1,21,0,-1,0,0,1,1.0,0,0,0,0,1,0,0,0,0,0,0,1,1,0.0,-1.0,0.0,-1,0.0,-1,0,0,-1,0,-1,-1,0,bolkomlakbfbcmof.com /,29,1,-1,-1,0,0,0,0
25,-1,0,0,0,0,0,0,0,-1,0,1,20,0,-1,0,0,1,1.0,0,0,0,0,1,0,0,0,0,0,0,1,1,0.0,-1.0,0.0,-1,0.0,-1,0,0,-1,0,-1,-1,0,afeabbbbdflnfdcb.cc /,28,1,-1,-1,0,0,0,0
26,-1,0,0,0,0,0,0,0,-1,0,1,20,0,-1,0,0,1,1.0,0,0,0,0,1,0,0,0,0,0,0,1,1,0.0,-1.0,0.0,-1,0.0,-1,0,0,-1,0,-1,-1,0,fbldlbeldeaffedd.de /,28,1,-1,-1,0,0,0,0
27,-1,0,0,0,0,0,0,0,-1,0,1,20,0,-1,0,0,1,1.0,0,0,0,0,1,0,0,0,0,0,0,1,1,0.0,-1.0,0.0,-1,0.0,-1,0,0,-1,0,-1,-1,0,cmbfcdkdfmekkffk.ga /,28,1,-1,-1,0,0,0,0
28,-1,0,0,0,0,0,0,0,-1,0,1,21,0,-1,0,0,1,1.0,0,0,0,0,1,0,0,0,0,0,0,1,1,0.0,-1.0,0.0,-1,0.0,-1,0,0,-1,0,-1,-1,0,nkaffdckkocakdnl.com /,29,1,-1,-1,0,0,0,0
29,-1,0,0,0,0,0,0,0,-1,0,1,20,0,-1,0,0,1,1.0,0,0,0,0,1,0,0,0,0,0,0,1,1,0.0,-1.0,0.0,-1,0.0,-1,0,0,-1,0,-1,-1,0,bmldmencfnalmcal.de /,28,1,-1,-1,0,0,0,0
30,-1,0,0,0,0,0,0,0,-1,0,1,20,0,-1,0,0,1,1.0,0,0,0,0,1,0,0,0,0,0,0,1,1,0.0,-1.0,0.0,-1,0.0,-1,0,0,-1,0,-1,-1,0,kmalnnlecomcfddk.co /,28,1,-1,-1,0,0,0,0
31,-1,0,0,0,0,0,0,0,-1,0,1,22,0,-1,0,0,1,1.0,0,0,0,0,1,0,0,0,0,0,0,1,1,0.0,-1.0,0.0,-1,0.0,-1,0,0,-1,0,-1,-1,0,fkfkffdbaccdofco.info /,30,1,-1,-1,0,0,0,0
32,-1,0,0,0,0,0,0,0,-1,0,1,21,0,-1,0,0,1,1.0,0,0,0,0,1,0,0,0,0,0,0,1,1,0.0,-1.0,0.0,-1,0.0,-1,0,0,-1,0,-1,-1,0,ffofdnebbmmccaeb.com /,29,1,-1,-1,0,0,0,0
33,-1,0,0,0,0,0,0,0,-1,0,1,20,0,-1,0,0,1,1.0,0,0,0,0,1,0,0,0,0,0,0,1,1,0.0,-1.0,0.0,-1,0.0,-1,0,0,-1,0,-1,-1,0,bnccanelbfnndcmd.cc /,28,1,-1,-1,0,0,0,0
34,-1,0,0,0,0,0,0,0,-1,0,1,22,0,-1,0,0,1,1.0,0,0,0,0,1,0,0,0,0,0,0,1,1,0.0,-1.0,0.0,-1,0.0,-1,0,0,-1,0,-1,-1,0,eedbeacdmkfockbn.com /,30,1,-1,-1,0,0,0,0
35,-1,0,0,0,0,0,0,0,-1,0,1,21,0,-1,0,0,1,1.0,0,0,0,0,1,0,0,0,0,0,0,1,1,0.0,-1.0,0.0,-1,0.0,-1,0,0,-1,0,-1,-1,0,lbeblelldldoofff.net /,29,1,-1,-1,0,0,0,0
36,-1,0,0,0,0,0,0,0,-1,0,1,21,0,-1,0,0,1,1.0,0,0,0,0,1,0,0,0,0,0,0,1,1,0.0,-1.0,0.0,-1,0.0,-1,0,0,-1,0,-1,-1,0,blnaccnbclndnlee.info /,29,1,-1,-1,0,0,0,0
37,-1,0,0,0,0,0,0,0,-1,0,1,21,0,-1,0,0,1,1.0,0,0,0,0,1,0,0,0,0,0,0,1,1,0.0,-1.0,0.0,-1,0.0,-1,0,0,-1,0,-1,-1,0,obacldaocmbdcbab.com /,29,1,-1,-1,0,0,0,0
38,-1,0,0,0,0,0,0,0,-1,0,1,21,0,-1,0,0,1,1.0,0,0,0,0,1,0,0,0,0,0,0,1,1,0.0,-1.0,0.0,-1,0.0,-1,0,0,-1,0,-1,-1,0,kknmfdaabmdkckdl.com /,29,1,-1,-1,0,0,0,0
39,-1,0,0,0,0,0,0,0,-1,0,1,21,0,-1,0,0,1,1.0,0,0,0,0,1,0,0,0,0,0,0,1,1,0.0,-1.0,0.0,-1,0.0,-1,0,0,-1,0,-1,-1,0,clmaadncfaaablca.com /,29,1,-1,-1,0,0,0,0
40,-1,0,0,0,0,0,0,0,-1,0,1,20,0,-1,0,0,1,1.0,0,0,0,0,1,0,0,0,0,0,0,1,1,0.0,-1.0,0.0,-1,0.0,-1,0,0,-1,0,-1,-1,0,cnebkkabblcbbmnc.cc /,28,1,-1,-1,0,0,0,0
41,-1,0,0,0,0,0,0,0,-1,0,1,20,0,-1,0,0,1,1.0,0,0,0,0,1,0,0,0,0,0,0,1,1,0.0,-1.0,0.0,-1,0.0,-1,0,0,-1,0,-1,-1,0,kfeedednfffbmadc.de /,28,1,-1,-1,0,0,0,0
42,-1,0,0,0,0,0,0,0,-1,0,1,20,0,-1,0,0,1,1.0,0,0,0,0,1,0,0,0,0,0,0,1,1,0.0,-1.0,0.0,-1,0.0,-1,0,0,-1,0,-1,-1,0,adcakdclncddbfmm.co /,28,1,-1,-1,0,0,0,0
43,-1,0,0,0,0,0,0,0,-1,0,1,21,0,-1,0,0,1,1.0,0,0,0,0,1,0,0,0,0,0,0,1,1,0.0,-1.0,0.0,-1,0.0,-1,0,0,-1,0,-1,-1,0,emcnadaalnlocbab.net /,29,1,-1,-1,0,0,0,0
44,-1,0,0,0,0,0,0,0,-1,0,1,21,0,-1,0,0,1,1.0,0,0,0,0,1,0,0,0,0,0,0,1,1,0.0,-1.0,0.0,-1,0.0,-1,0,0,-1,0,-1,-1,0,kooefoaafdaffefm.com /,29,1,-1,-1,0,0,0,0
45,-1,0,0,0,0,0,0,0,-1,0,1,20,0,-1,0,0,1,1.0,0,0,0,0,1,0,0,0,0,0,0,1,1,0.0,-1.0,0.0,-1,0.0,-1,0,0,-1,0,-1,-1,0,obblbenecaddabcl.cc /,28,1,-1,-1,0,0,0,0
46,-1,0,0,0,0,0,0,0,-1,0,1,21,0,-1,0,0,1,1.0,0,0,0,0,1,0,0,0,0,0,0,1,1,0.0,-1.0,0.0,-1,0.0,-1,0,0,-1,0,-1,-1,0,ncefocnecaafbcdb.net /,29,1,-1,-1,0,0,0,0
47,-1,0,0,0,0,0,0,0,-1,0,1,22,0,-1,0,0,1,1.0,0,0,0,0,1,0,0,0,0,0,0,1,1,0.0,-1.0,0.0,-1,0.0,-1,0,0,-1,0,-1,-1,0,aclbaodabalnaaea.info /,30,1,-1,-1,0,0,0,0
48,-1,0,0,0,0,0,0,0,-1,0,1,22,0,-1,0,0,1,1.0,0,0,0,0,1,0,0,0,0,0,0,1,1,0.0,-1.0,0.0,-1,0.0,-1,0,0,-1,0,-1,-1,0,kacdlbcdkdfbbdan.info /,30,1,-1,-1,0,0,0,0
49,-1,0,0,0,0,0,0,0,-1,0,1,20,0,-1,0,0,1,1.0,0,0,0,0,1,0,0,0,0,0,0,1,1,0.0,-1.0,0.0,-1,0.0,-1,0,0,-1,0,-1,-1,0,nblcebnaabffbflb.co /,28,1,-1,-1,0,0,0,0
50,-1,0,0,0,0,0,0,0,-1,0,1,21,0,-1,0,0,1,1.0,0,0,0,0,1,0,0,0,0,0,0,1,1,0.0,-1.0,0.0,-1,0.0,-1,0,0,-1,0,-1,-1,0,bmkdafbkmmekeafb.com /,29,1,-1,-1,0,0,0,0
51,-1,0,0,0,0,0,0,0,-1,0,1,20,0,-1,0,0,1,1.0,0,0,0,0,1,0,0,0,0,0,0,1,1,0.0,-1.0,0.0,-1,0.0,-1,0,0,-1,0,-1,-1,0,feoffbmdfdddakad.co /,28,1,-1,-1,0,0,0,0
52,-1,0,0,0,0,0,0,0,-1,0,1,21,0,-1,0,0,1,1.0,0,0,0,0,1,0,0,0,0,0,0,1,1,0.0,-1.0,0.0,-1,0.0,-1,0,0,-1,0,-1,-1,0,fdldadakknbfaacf.org /,29,1,-1,-1,0,0,0,0
53,-1,0,0,0,0,0,0,0,-1,0,1,20,0,-1,0,0,1,1.0,0,0,0,0,1,0,0,0,0,0,0,1,1,0.0,-1.0,0.0,-1,0.0,-1,0,0,-1,0,-1,-1,0,afocecddbaeeaefk.cc /,28,1,-1,-1,0,0,0,0
54,-1,0,0,0,0,0,0,0,-1,0,1,21,0,-1,0,0,1,1.0,0,0,0,0,1,0,0,0,0,0,0,1,1,0.0,-1.0,0.0,-1,0.0,-1,0,0,-1,0,-1,-1,0,dmokcaadaebfmmda.com /,29,1,-1,-1,0,0,0,0
55,-1,0,0,0,0,0,0,0,-1,0,1,21,0,-1,0,0,1,1.0,0,0,0,0,1,0,0,0,0,0,0,1,1,0.0,-1.0,0.0,-1,0.0,-1,0,0,-1,0,-1,-1,0,ackacmemeccdlfak.com /,29,1,-1,-1,0,0,0,0
56,-1,0,0,0,0,0,0,0,-1,0,1,21,0,-1,0,0,1,1.0,0,0,0,0,1,0,0,0,0,0,0,1,1,0.0,-1.0,0.0,-1,0.0,-1,0,0,-1,0,-1,-1,0,kfcakcfadkednfek.net /,29,1,-1,-1,0,0,0,0
57,-1,0,0,0,0,0,0,0,-1,0,1,21,0,-1,0,0,1,1.0,0,0,0,0,1,0,0,0,0,0,0,1,1,0.0,-1.0,0.0,-1,0.0,-1,0,0,-1,0,-1,-1,0,ebfdeddkoanakkoa.com /,29,1,-1,-1,0,0,0,0
58,-1,0,0,0,0,0,0,0,-1,0,1,20,0,-1,0,0,1,1.0,0,0,0,0,1,0,0,0,0,0,0,1,1,0.0,-1.0,0.0,-1,0.0,-1,0,0,-1,0,-1,-1,0,bddcdfbbcflobcfc.cc /,28,1,-1,-1,0,0,0,0
59,-1,0,0,0,0,0,0,0,-1,0,1,20,0,-1,0,0,1,1.0,0,0,0,0,1,0,0,0,0,0,0,1,1,0.0,-1.0,0.0,-1,0.0,-1,0,0,-1,0,-1,-1,0,mbcblddknffclkdn.co /,28,1,-1,-1,0,0,0,0
60,-1,0,0,0,0,0,0,0,-1,0,1,22,0,-1,0,0,1,1.0,0,0,0,0,1,0,0,0,0,0,0,1,1,0.0,-1.0,0.0,-1,0.0,-1,0,0,-1,0,-1,-1,0,cbdkfnccfacbkbde.info /,30,1,-1,-1,0,0,0,0
61,-1,0,0,0,0,0,0,0,-1,0,1,21,0,-1,0,0,1,1.0,0,0,0,0,1,0,0,0,0,0,0,1,1,0.0,-1.0,0.0,-1,0.0,-1,0,0,-1,0,-1,-1,0,efollobdlkldfdcl.com /,29,1,-1,-1,0,0,0,0
62,-1,0,0,0,0,0,0,0,-1,0,1,21,0,-1,0,0,1,1.0,0,0,0,0,1,0,0,0,0,0,0,1,1,0.0,-1.0,0.0,-1,0.0,-1,0,0,-1,0,-1,-1,0,cddfafadfocfbdkb.com /,29,1,-1,-1,0,0,0,0
63,-1,0,0,0,0,0,0,0,-1,0,1,21,0,-1,0,0,1,1.0,0,0,0,0,1,0,0,0,0,0,0,1,1,0.0,-1.0,0.0,-1,0.0,-1,0,0,-1,0,-1,-1,0,bdndcfdebdadkbac.com /,29,1,-1,-1,0,0,0,0
64,-1,0,0,0,0,0,0,0,-1,0,1,21,0,-1,0,0,1,1.0,0,0,0,0,1,0,0,0,0,0,0,1,1,0.0,-1.0,0.0,-1,0.0,-1,0,0,-1,0,-1,-1,0,mdmccddfadfbobbn.com /,29,1,-1,-1,0,0,0,0
65,-1,0,0,0,0,0,0,0,-1,0,1,21,0,-1,0,0,1,1.0,0,0,0,0,1,0,0,0,0,0,0,1,1,0.0,-1.0,0.0,-1,0.0,-1,0,0,-1,0,-1,-1,0,cmloccdfddalkcon.com /,29,1,-1,-1,0,0,0,0
66,-1,0,0,0,0,0,0,0,-1,0,1,20,0,-1,0,0,1,1.0,0,0,0,0,1,0,0,0,0,0,0,1,1,0.0,-1.0,0.0,-1,0.0,-1,0,0,-1,0,-1,-1,0,fkeabfbdodalcadd.de /,28,1,-1,-1,0,0,0,0
67,-1,0,0,0,0,0,0,0,-1,0,1,20,0,-1,0,0,1,1.0,0,0,0,0,1,0,0,0,0,0,0,1,1,0.0,-1.0,0.0,-1,0.0,-1,0,0,-1,0,-1,-1,0,dmadcnbdddnkbcaf.cc /,28,1,-1,-1,0,0,0,0
68,-1,0,0,0,0,0,0,0,-1,0,1,20,0,-1,0,0,1,1.0,0,0,0,0,1,0,0,0,0,0,0,1,1,0.0,-1.0,0.0,-1,0.0,-1,0,0,-1,0,-1,-1,0,lldfbancbdedlcmc.cc /,28,1,-1,-1,0,0,0,0
69,-1,0,0,0,0,0,0,0,-1,0,1,20,0,-1,0,0,1,1.0,0,0,0,0,1,0,0,0,0,0,0,1,1,0.0,-1.0,0.0,-1,0.0,-1,0,0,-1,0,-1,-1,0,bcobmbobnkaabclo.co /,28,1,-1,-1,0,0,0,0
70,-1,0,0,0,0,0,0,0,-1,0,1,21,0,-1,0,0,1,1.0,0,0,0,0,1,0,0,0,0,0,0,1,1,0.0,-1.0,0.0,-1,0.0,-1,0,0,-1,0,-1,-1,0,eeefdcbfdkdfdekd.com /,29,1,-1,-1,0,0,0,0
71,-1,0,0,0,0,0,0,0,-1,0,1,22,0,-1,0,0,1,1.0,0,0,0,0,1,0,0,0,0,0,0,1,1,0.0,-1.0,0.0,-1,0.0,-1,0,0,-1,0,-1,-1,0,kfcldmcdcbdfcfcm.info /,30,1,-1,-1,0,0,0,0
72,-1,0,0,0,0,0,0,0,-1,0,1,21,0,-1,0,0,1,1.0,0,0,0,0,1,0,0,0,0,0,0,1,1,0.0,-1.0,0.0,-1,0.0,-1,0,0,-1,0,-1,-1,0,obnldafdlkmomfce.com /,29,1,-1,-1,0,0,0,0
73,-1,0,0,0,0,0,0,0,-1,0,1,21,0,-1,0,0,1,1.0,0,0,0,0,3,0,0,0,0,0,0,28,3,0.0,-1.0,0.0,-1,0.0,-1,0,0,-1,1,0,-1,0,drivers.epsoncorp.com/plugin/analytics/counter.js,56,1,-1,-1,0,0,0,0
74,-1,0,0,0,0,0,0,0,-1,0,1,20,0,-1,0,0,1,1.0,0,0,0,0,1,0,0,0,0,0,0,1,1,0.0,-1.0,0.0,-1,0.0,-1,0,0,-1,0,-1,-1,0,fclbbddffceccaaf.cc /,28,1,-1,-1,0,0,0,0
75,-1,0,0,0,0,0,0,0,-1,0,1,20,0,-1,0,0,1,1.0,0,0,0,0,1,0,0,0,0,0,0,1,1,0.0,-1.0,0.0,-1,0.0,-1,0,0,-1,0,-1,-1,0,bnemfbmamacadccn.co /,28,1,-1,-1,0,0,0,0
76,-1,0,0,0,0,0,0,0,-1,0,1,23,0,-1,0,0,1,1.0,0,0,0,0,2,0,0,0,0,0,0,1,1,0.0,-1.0,0.0,-1,0.0,-1,0,0,-1,0,-1,-1,0,dnocdoffabmboadb.co.uk /,31,1,-1,-1,0,0,0,0
77,-1,0,0,0,0,0,0,0,-1,0,1,20,0,-1,0,0,1,1.0,0,0,0,0,1,0,0,0,0,0,0,1,1,0.0,-1.0,0.0,-1,0.0,-1,0,0,-1,0,-1,-1,0,mbbafbfbaafdbcel.ga /,28,1,-1,-1,0,0,0,0
78,1,0,0,0,1,0,1,1,-1,0,1,25,0,1,0,1,1,0.0,1,0,0,0,2,0,1,0,0,0,0,1,1,0.0,1.0,100.0,-1,1.0,-1,0,0,-1,1,0,1,0,padcrympj5rvgwed.onion.to/,34,1,-1,1,0,0,0,0
79,-1,0,0,0,0,0,0,0,-1,0,1,21,0,-1,0,0,1,1.0,0,0,0,0,1,0,0,0,0,0,0,1,1,0.0,-1.0,0.0,-1,0.0,-1,0,0,-1,0,-1,-1,0,ecelmbfdldfffado.com /,29,1,-1,-1,0,0,0,0
80,-1,0,0,0,0,0,0,0,-1,0,1,23,0,-1,0,0,1,1.0,0,0,0,0,2,0,0,0,0,0,0,1,1,0.0,-1.0,0.0,-1,0.0,-1,0,0,-1,0,-1,-1,0,accocbeffcedafla.co.uk /,31,1,-1,-1,0,0,0,0
81,-1,0,0,0,0,0,0,0,-1,0,1,23,0,-1,0,0,1,1.0,0,0,0,0,2,0,0,0,0,0,0,1,1,0.0,-1.0,0.0,-1,0.0,-1,0,0,-1,0,-1,-1,0,kkbdddooabfbdddd.co.uk /,31,1,-1,-1,0,0,0,0
82,-1,0,0,0,0,0,0,0,-1,0,1,21,0,-1,0,0,1,1.0,0,0,0,0,1,0,0,0,0,0,0,1,1,0.0,-1.0,0.0,-1,0.0,-1,0,0,-1,0,-1,-1,0,aofbnlfmddaceanc.com /,29,1,-1,-1,0,0,0,0
83,-1,0,0,0,0,0,0,0,-1,0,1,20,0,-1,0,0,1,1.0,0,0,0,0,1,0,0,0,0,0,0,1,1,0.0,-1.0,0.0,-1,0.0,-1,0,0,-1,0,-1,-1,0,kbclcaemaobfccof.tk /,28,1,-1,-1,0,0,0,0
84,-1,0,0,0,0,0,0,0,-1,0,1,22,0,-1,0,0,1,1.0,0,0,0,0,2,0,0,0,0,0,0,1,1,0.0,-1.0,0.0,-1,0.0,-1,0,0,-1,0,-1,-1,0,cdcbbabfaaofdabc.co.uk/,30,1,-1,-1,0,0,0,0
85,-1,0,0,0,0,0,0,0,-1,0,1,23,0,-1,0,0,1,1.0,0,0,0,0,1,0,0,0,0,0,0,1,1,0.0,-1.0,0.0,-1,0.0,-1,0,0,-1,0,-1,-1,0,bcafebcmbccnfecc.cc /,31,1,-1,-1,0,0,0,0
86,-1,0,0,0,0,0,0,0,-1,0,1,20,0,-1,0,0,1,1.0,0,0,0,0,2,0,0,0,0,0,0,1,1,0.0,-1.0,0.0,-1,0.0,-1,0,0,-1,0,-1,-1,0,obefnemdccedacom.co.uk /,28,1,-1,-1,0,0,0,0
87,-1,0,0,0,0,0,0,0,-1,0,1,21,0,-1,0,0,1,1.0,0,0,0,0,1,0,0,0,0,0,0,1,1,0.0,-1.0,0.0,-1,0.0,-1,0,0,-1,0,-1,-1,0,bloafankomocmfoc.com /,29,1,-1,-1,0,0,0,0
88,-1,0,0,0,0,0,0,0,-1,0,1,23,0,-1,0,0,1,1.0,0,0,0,0,2,0,0,0,0,0,0,1,1,0.0,-1.0,0.0,-1,0.0,-1,0,0,-1,0,-1,-1,0,fkdkmbaooeddlcel.co.uk /,31,1,-1,-1,0,0,0,0
89,-1,0,0,0,0,0,0,0,-1,0,1,23,0,-1,0,0,1,1.0,0,0,0,0,2,0,0,0,0,0,0,1,1,0.0,-1.0,0.0,-1,0.0,-1,0,0,-1,0,-1,-1,0,bcnknnnmdddeffbl.co.uk /,31,1,-1,-1,0,0,0,0
90,-1,0,1,0,0,0,0,0,-1,0,1,24,0,-1,0,0,1,1.0,0,0,0,0,3,0,0,0,0,0,0,8,1,0.0,-1.0,0.0,-1,0.0,-1,0,0,-1,1,0,-1,0,static.travelclothes.org/main.js,39,1,-1,-1,0,0,0,0
91,-1,0,0,0,0,0,0,0,-1,0,1,20,0,-1,0,0,1,1.0,0,0,0,0,1,0,0,0,0,0,0,1,1,0.0,-1.0,0.0,-1,0.0,-1,0,0,-1,0,-1,-1,0,dcamlelafmmbalmf.ga /,28,1,-1,-1,0,0,0,0
92,-1,0,0,0,0,0,0,0,-1,0,1,22,0,-1,0,0,1,1.0,0,0,0,0,1,0,0,0,0,0,0,1,1,0.0,-1.0,0.0,-1,0.0,-1,0,0,-1,0,-1,-1,0,ccalaabldoeaaalf.info /,30,1,-1,-1,0,0,0,0
93,-1,0,0,0,0,0,0,0,-1,0,1,21,0,-1,0,0,1,1.0,0,0,0,0,1,0,0,0,0,0,0,1,1,0.0,-1.0,0.0,-1,0.0,-1,0,0,-1,0,-1,-1,0,mlbdldcfbnlcofma.com /,29,1,-1,-1,0,0,0,0
94,-1,0,0,0,0,0,0,0,-1,0,1,23,0,-1,0,0,1,1.0,0,0,0,0,2,0,0,0,0,0,0,1,1,0.0,-1.0,0.0,-1,0.0,-1,0,0,-1,0,-1,-1,0,amdbkdfcaaoccbfd.co.uk /,31,1,-1,-1,0,0,0,0
95,-1,0,0,0,0,0,0,0,-1,0,1,20,0,-1,0,0,1,1.0,0,0,0,0,1,0,0,0,0,0,0,1,1,0.0,-1.0,0.0,-1,0.0,-1,0,0,-1,0,-1,-1,0,cladddldfbflkdcd.cc /,28,1,-1,-1,0,0,0,0
96,-1,0,0,0,0,0,0,0,-1,0,1,21,0,-1,0,0,1,1.0,0,0,0,0,1,0,0,0,0,0,0,1,1,0.0,-1.0,0.0,-1,0.0,-1,0,0,-1,0,-1,-1,0,cfaacocbbffckfka.com /,29,1,-1,-1,0,0,0,0
97,-1,0,0,0,0,0,0,0,-1,0,1,21,0,-1,0,0,1,1.0,0,0,0,0,1,0,0,0,0,0,0,1,1,0.0,-1.0,0.0,-1,0.0,-1,0,0,-1,0,-1,-1,0,fnabnlfdbkacaacb.net /,29,1,-1,-1,0,0,0,0
98,-1,0,0,0,0,0,0,0,-1,0,1,21,0,-1,0,0,1,1.0,0,0,0,0,1,0,0,0,0,0,0,1,1,0.0,-1.0,0.0,-1,0.0,-1,0,0,-1,0,-1,-1,0,fmnblcbclfobanck.com /,29,1,-1,-1,0,0,0,0
99,1,0,1,0,0,0,0,-1,1,0,1,28,0,1,0,1,1,0.0,1,0,0,0,2,0,2,0,0,0,0,1,1,100.0,0.0,0.0,1,0.0,-1,0,0,-1,1,0,1,0,padcrympj5rvgwed.tor2web.org/,37,1,-1,1,0,0,0,0
100,-1,0,0,0,0,0,0,0,-1,0,1,21,0,-1,0,0,1,1.0,0,0,0,0,1,0,0,0,0,0,0,1,1,0.0,-1.0,0.0,-1,0.0,-1,0,0,-1,0,-1,-1,0,bmcefdoaebodaaco.net /,29,1,-1,-1,0,0,0,0
101,-1,0,0,0,0,0,0,0,-1,0,1,21,0,-1,0,0,1,1.0,0,0,0,0,1,0,0,0,0,0,0,1,1,0.0,-1.0,0.0,-1,0.0,-1,0,0,-1,0,-1,-1,0,fokoflbadfdadolb.com /,29,1,-1,-1,0,0,0,0
102,-1,0,0,0,0,0,0,0,-1,0,1,21,0,-1,0,0,1,1.0,0,0,0,0,1,0,0,0,0,0,0,1,1,0.0,-1.0,0.0,-1,0.0,-1,0,0,-1,0,-1,-1,0,bodeebaknflflban.com /,29,1,-1,-1,0,0,0,0
103,-1,0,0,0,0,0,0,0,-1,0,1,20,0,-1,0,0,1,1.0,0,0,0,0,1,0,0,0,0,0,0,1,1,0.0,-1.0,0.0,-1,0.0,-1,0,0,-1,0,-1,-1,0,oabddnmllkanenda.ga /,28,1,-1,-1,0,0,0,0
104,-1,0,0,0,0,0,0,0,-1,0,1,20,0,-1,0,0,1,1.0,0,0,0,0,1,0,0,0,0,0,0,1,1,0.0,-1.0,0.0,-1,0.0,-1,0,0,-1,0,-1,-1,0,fecbdcfkeacfeand.ga /,28,1,-1,-1,0,0,0,0
105,-1,0,0,0,0,0,0,0,-1,0,1,20,0,-1,0,0,1,1.0,0,0,0,0,1,0,0,0,0,0,0,1,1,0.0,-1.0,0.0,-1,0.0,-1,0,0,-1,0,-1,-1,0,dedaeoffafeandkn.tk /,28,1,-1,-1,0,0,0,0
106,-1,0,0,0,0,0,0,0,-1,0,1,20,0,-1,0,0,1,1.0,0,0,0,0,1,0,0,0,0,0,0,1,1,0.0,-1.0,0.0,-1,0.0,-1,0,0,-1,0,-1,-1,0,olmmecoammdaeoaf.ga /,28,1,-1,-1,0,0,0,0
107,-1,0,0,0,0,0,0,0,-1,0,1,21,0,-1,0,0,1,1.0,0,0,0,0,1,0,0,0,0,0,0,1,1,0.0,-1.0,0.0,-1,0.0,-1,0,0,-1,0,-1,-1,0,fkcbakbadlaldanb.com /,29,1,-1,-1,0,0,0,0
108,-1,0,0,0,0,0,0,0,-1,0,1,20,0,-1,0,0,1,1.0,0,0,0,0,1,0,0,0,0,0,0,1,1,0.0,-1.0,0.0,-1,0.0,-1,0,0,-1,0,-1,-1,0,fobfokenldomocaf.ga /,28,1,-1,-1,0,0,0,0
109,-1,0,0,0,0,0,0,0,-1,0,1,20,0,-1,0,0,1,1.0,0,0,0,0,1,0,0,0,0,0,0,1,1,0.0,-1.0,0.0,-1,0.0,-1,0,0,-1,0,-1,-1,0,dlmckanokclbfaaf.ga /,28,1,-1,-1,0,0,0,0
110,-1,0,0,0,0,0,0,0,-1,0,1,20,0,-1,0,0,1,1.0,0,0,0,0,1,0,0,0,0,0,0,1,1,0.0,-1.0,0.0,-1,0.0,-1,0,0,-1,0,-1,-1,0,akfkfbmkedobbaad.de /,28,1,-1,-1,0,0,0,0
111,-1,0,0,0,0,0,0,0,-1,0,1,20,0,-1,0,0,1,1.0,0,0,0,0,1,0,0,0,0,0,0,1,1,0.0,-1.0,0.0,-1,0.0,-1,0,0,-1,0,-1,-1,0,focnobafmfeoaacb.tk /,28,1,-1,-1,0,0,0,0
112,-1,0,0,0,0,0,0,0,-1,0,1,21,0,-1,0,0,1,1.0,0,0,0,0,1,0,0,0,0,0,0,1,1,0.0,-1.0,0.0,-1,0.0,-1,0,0,-1,0,-1,-1,0,flmmbfadnbcdmbkk.com /,29,1,-1,-1,0,0,0,0
113,-1,0,0,0,0,0,0,0,-1,0,1,20,0,-1,0,0,1,1.0,0,0,0,0,1,0,0,0,0,0,0,1,1,0.0,-1.0,0.0,-1,0.0,-1,0,0,-1,0,-1,-1,0,acadbdlbbbfkeabf.cc /,28,1,-1,-1,0,0,0,0
114,-1,0,0,0,0,0,0,0,-1,0,1,21,0,-1,0,0,1,1.0,0,0,0,0,1,0,0,0,0,0,0,1,1,0.0,-1.0,0.0,-1,0.0,-1,0,0,-1,0,-1,-1,0,cnbackbeffbclefa.info /,29,1,-1,-1,0,0,0,0
115,-1,0,0,0,0,0,0,0,-1,0,1,22,0,-1,0,0,1,1.0,0,0,0,0,1,0,0,0,0,0,0,1,1,0.0,-1.0,0.0,-1,0.0,-1,0,0,-1,0,-1,-1,0,enfbbecfeamdklca.com /,30,1,-1,-1,0,0,0,0
116,-1,0,0,0,0,0,0,0,-1,0,1,21,0,-1,0,0,1,1.0,0,0,0,0,1,0,0,0,0,0,0,1,1,0.0,-1.0,0.0,-1,0.0,-1,0,0,-1,0,-1,-1,0,ccdkdedodcbanoba.com /,29,1,-1,-1,0,0,0,0
117,-1,0,0,0,0,0,0,0,-1,0,1,21,0,-1,0,0,1,1.0,0,0,0,0,1,0,0,0,0,0,0,1,1,0.0,-1.0,0.0,-1,0.0,-1,0,0,-1,0,-1,-1,0,dlmcoaneceefdbkd.org /,29,1,-1,-1,0,0,0,0
118,-1,0,0,0,0,0,0,0,-1,0,1,22,0,-1,0,0,1,1.0,0,0,0,0,1,0,0,0,0,0,0,1,1,0.0,-1.0,0.0,-1,0.0,-1,0,0,-1,0,-1,-1,0,fccckcdecdocfcom.info /,30,1,-1,-1,0,0,0,0
119,-1,0,0,0,0,0,0,0,-1,0,1,22,0,-1,0,0,1,1.0,0,0,0,0,1,0,0,0,0,0,0,1,1,0.0,-1.0,0.0,-1,0.0,-1,0,0,-1,0,-1,-1,0,lbocfmddcnkaodcb.info /,30,1,-1,-1,0,0,0,0
120,-1,0,0,0,0,0,0,0,-1,0,1,21,0,-1,0,0,1,1.0,0,0,0,0,1,0,0,0,0,0,0,1,1,0.0,-1.0,0.0,-1,0.0,-1,0,0,-1,0,-1,-1,0,alddoabaadnblcnc.com /,29,1,-1,-1,0,0,0,0
121,-1,0,0,0,0,0,0,0,-1,0,1,22,0,-1,0,0,1,1.0,0,0,0,0,2,0,0,0,0,0,0,1,1,0.0,-1.0,0.0,-1,0.0,-1,0,0,-1,0,-1,-1,0,dkoacdblfoneccmb.co.uk/,30,1,-1,-1,0,0,0,0
122,-1,0,0,0,0,0,0,0,-1,0,1,20,0,-1,0,0,1,1.0,0,0,0,0,1,0,0,0,0,0,0,1,1,0.0,-1.0,0.0,-1,0.0,-1,0,0,-1,0,-1,-1,0,edaaneakfkkfbnaa.cc /,28,1,-1,-1,0,0,0,0
123,-1,0,0,0,0,0,0,0,-1,0,1,21,0,-1,0,0,1,1.0,0,0,0,0,1,0,0,0,0,0,0,1,1,0.0,-1.0,0.0,-1,0.0,-1,0,0,-1,0,-1,-1,0,eblblkobffalcfbm.com /,29,1,-1,-1,0,0,0,0
124,-1,0,0,0,0,0,0,0,-1,0,1,21,0,-1,0,0,1,1.0,0,0,0,0,1,0,0,0,0,0,0,1,1,0.0,-1.0,0.0,-1,0.0,-1,0,0,-1,0,-1,-1,0,blcmelkkblnalbac.org /,29,1,-1,-1,0,0,0,0
125,-1,0,0,0,0,0,0,0,-1,0,1,23,0,-1,0,0,1,1.0,0,0,0,0,2,0,0,0,0,0,0,1,1,0.0,-1.0,0.0,-1,0.0,-1,0,0,-1,0,-1,-1,0,fmebfddlflnkfccf.co.uk /,31,1,-1,-1,0,0,0,0
126,-1,0,0,0,0,0,0,0,-1,0,1,21,0,-1,0,0,1,1.0,0,0,0,0,1,0,0,0,0,0,0,1,1,0.0,-1.0,0.0,-1,0.0,-1,0,0,-1,0,-1,-1,0,bfobbnncfkmdfbco.com /,29,1,-1,-1,0,0,0,0
127,-1,0,0,0,0,0,0,0,-1,0,1,21,0,-1,0,0,1,1.0,0,0,0,0,1,0,0,0,0,0,0,1,1,0.0,-1.0,0.0,-1,0.0,-1,0,0,-1,0,-1,-1,0,dmbnffcabnobocfd.com /,29,1,-1,-1,0,0,0,0
128,-1,0,0,0,0,0,0,0,-1,0,1,20,0,-1,0,0,1,1.0,0,0,0,0,1,0,0,0,0,0,0,1,1,0.0,-1.0,0.0,-1,0.0,-1,0,0,-1,0,-1,-1,0,fdfefccfefddckkd.de /,28,1,-1,-1,0,0,0,0
129,-1,0,0,0,0,0,0,0,-1,0,1,21,0,-1,0,0,1,1.0,0,0,0,0,1,0,0,0,0,0,0,1,1,0.0,-1.0,0.0,-1,0.0,-1,0,0,-1,0,-1,-1,0,fcfnbdmbndcaoldf.com /,29,1,-1,-1,0,0,0,0
130,-1,0,0,0,0,0,0,0,-1,0,1,21,0,-1,0,0,1,1.0,0,0,0,0,1,0,0,0,0,0,0,1,1,0.0,-1.0,0.0,-1,0.0,-1,0,0,-1,0,-1,-1,0,eelkekffadddmdlk.com /,29,1,-1,-1,0,0,0,0
131,-1,0,0,0,0,0,0,0,-1,0,1,21,0,-1,0,0,1,1.0,0,0,0,0,1,0,0,0,0,0,0,1,1,0.0,-1.0,0.0,-1,0.0,-1,0,0,-1,0,-1,-1,0,dafbacbclodmbbff.com /,29,1,-1,-1,0,0,0,0
132,-1,0,0,0,0,0,0,0,-1,0,1,21,0,-1,0,0,1,1.0,0,0,0,0,1,0,0,0,0,0,0,1,1,0.0,-1.0,0.0,-1,0.0,-1,0,0,-1,0,-1,-1,0,dfbkleacfdbdnkcl.com /,29,1,-1,-1,0,0,0,0
133,-1,0,0,0,0,0,0,0,-1,0,1,21,0,-1,0,0,1,1.0,0,0,0,0,1,0,0,0,0,0,0,1,1,0.0,-1.0,0.0,-1,0.0,-1,0,0,-1,0,-1,-1,0,cckebcnnbadbadom.net /,29,1,-1,-1,0,0,0,0
134,-1,0,0,0,0,0,0,0,-1,0,1,21,0,-1,0,0,1,1.0,0,0,0,0,1,0,0,0,0,0,0,1,1,0.0,-1.0,0.0,-1,0.0,-1,0,0,-1,0,-1,-1,0,fabaclalffclemdb.org /,29,1,-1,-1,0,0,0,0
135,-1,0,0,0,0,0,0,0,-1,0,1,21,0,-1,0,0,1,1.0,0,0,0,0,1,0,0,0,0,0,0,1,1,0.0,-1.0,0.0,-1,0.0,-1,0,0,-1,0,-1,-1,0,mlckcdokneodacbk.com /,29,1,-1,-1,0,0,0,0
136,-1,0,0,0,0,0,0,0,-1,0,1,21,0,-1,0,0,1,1.0,0,0,0,0,1,0,0,0,0,0,0,1,1,0.0,-1.0,0.0,-1,0.0,-1,0,0,-1,0,-1,-1,0,nkbbccllfcccalcm.com /,29,1,-1,-1,0,0,0,0
137,-1,0,0,0,0,0,0,0,-1,0,1,20,0,-1,0,0,1,1.0,0,0,0,0,1,0,0,0,0,0,0,1,1,0.0,-1.0,0.0,-1,0.0,-1,0,0,-1,0,-1,-1,0,eabalfdoaoaknman.cc /,28,1,-1,-1,0,0,0,0
138,-1,0,0,0,0,0,0,0,-1,0,1,21,0,-1,0,0,1,1.0,0,0,0,0,1,0,0,0,0,0,0,1,1,0.0,-1.0,0.0,-1,0.0,-1,0,0,-1,0,-1,-1,0,ldckmlbdbddlomod.org /,29,1,-1,-1,0,0,0,0
139,-1,0,0,0,0,0,0,0,-1,0,1,21,0,-1,0,0,1,1.0,0,0,0,0,1,0,0,0,0,0,0,1,1,0.0,-1.0,0.0,-1,0.0,-1,0,0,-1,0,-1,-1,0,aldbaamkbaldcdcm.com /,29,1,-1,-1,0,0,0,0
140,-1,0,0,0,0,0,0,0,-1,0,1,20,0,-1,0,0,1,1.0,0,0,0,0,1,0,0,0,0,0,0,1,1,0.0,-1.0,0.0,-1,0.0,-1,0,0,-1,0,-1,-1,0,foaffccoaellbkmk.co /,28,1,-1,-1,0,0,0,0
141,-1,0,0,0,0,0,0,0,-1,0,1,21,0,-1,0,0,1,1.0,0,0,0,0,1,0,0,0,0,0,0,1,1,0.0,-1.0,0.0,-1,0.0,-1,0,0,-1,0,-1,-1,0,ealnodkmddncedab.com /,29,1,-1,-1,0,0,0,0
142,-1,0,0,0,0,0,0,0,-1,0,1,21,0,-1,0,0,1,1.0,0,0,0,0,1,0,0,0,0,0,0,1,1,0.0,-1.0,0.0,-1,0.0,-1,0,0,-1,0,-1,-1,0,mlaollkmdkddalda.com /,29,1,-1,-1,0,0,0,0
143,-1,0,0,0,0,0,0,0,-1,0,1,21,0,-1,0,0,1,1.0,0,0,0,0,1,0,0,0,0,0,0,1,1,0.0,-1.0,0.0,-1,0.0,-1,0,0,-1,0,-1,-1,0,baakfambknnndakd.com /,29,1,-1,-1,0,0,0,0
144,-1,0,0,0,0,0,0,0,-1,0,1,20,0,-1,0,0,1,1.0,0,0,0,0,1,0,0,0,0,0,0,1,1,0.0,-1.0,0.0,-1,0.0,-1,0,0,-1,0,-1,-1,0,acadclallcdeafmb.cc /,28,1,-1,-1,0,0,0,0
145,-1,0,0,0,0,0,0,0,-1,0,1,20,0,-1,0,0,1,1.0,0,0,0,0,1,0,0,0,0,0,0,1,1,0.0,-1.0,0.0,-1,0.0,-1,0,0,-1,0,-1,-1,0,mcfaocbaooeflbee.ga /,28,1,-1,-1,0,0,0,0
146,-1,0,0,0,0,0,0,0,-1,0,1,20,0,-1,0,0,1,1.0,0,0,0,0,1,0,0,0,0,0,0,1,1,0.0,-1.0,0.0,-1,0.0,-1,0,0,-1,0,-1,-1,0,boabbfbcfndkclbc.cc /,28,1,-1,-1,0,0,0,0
147,-1,0,0,0,0,0,0,0,-1,0,1,20,0,-1,0,0,1,1.0,0,0,0,0,1,0,0,0,0,0,0,1,1,0.0,-1.0,0.0,-1,0.0,-1,0,0,-1,0,-1,-1,0,kddcffdacaccoaac.cc /,28,1,-1,-1,0,0,0,0
148,-1,0,0,0,0,0,0,0,-1,0,1,21,0,-1,0,0,1,1.0,0,0,0,0,1,0,0,0,0,0,0,1,1,0.0,-1.0,0.0,-1,0.0,-1,0,0,-1,0,-1,-1,0,ammodffdccnadmnm.net /,29,1,-1,-1,0,0,0,0
149,-1,0,0,0,0,0,0,0,-1,0,1,21,0,-1,0,0,1,1.0,0,0,0,0,1,0,0,0,0,0,0,1,1,0.0,-1.0,0.0,-1,0.0,-1,0,0,-1,0,-1,-1,0,bfadafcclbfanfom.com /,29,1,-1,-1,0,0,0,0
150,-1,0,0,0,0,0,0,0,-1,0,1,20,0,-1,0,0,1,1.0,0,0,0,0,1,0,0,0,0,0,0,1,1,0.0,-1.0,0.0,-1,0.0,-1,0,0,-1,0,-1,-1,0,dakccbkacecddabc.de /,28,1,-1,-1,0,0,0,0
151,-1,0,0,0,0,0,0,0,-1,0,1,20,0,-1,0,0,1,1.0,0,0,0,0,1,0,0,0,0,0,0,1,1,0.0,-1.0,0.0,-1,0.0,-1,0,0,-1,0,-1,-1,0,eboacbfbadcmlakk.de /,28,1,-1,-1,0,0,0,0
152,-1,0,0,0,0,0,0,0,-1,0,1,20,0,-1,0,0,1,1.0,0,0,0,0,1,0,0,0,0,0,0,1,1,0.0,-1.0,0.0,-1,0.0,-1,0,0,-1,0,-1,-1,0,ecbclfnddamfdddc.cc /,28,1,-1,-1,0,0,0,0
153,-1,0,0,0,0,0,0,0,-1,0,1,20,0,-1,0,0,1,1.0,0,0,0,0,1,0,0,0,0,0,0,1,1,0.0,-1.0,0.0,-1,0.0,-1,0,0,-1,0,-1,-1,0,ceklnalebcbbfbma.cc /,28,1,-1,-1,0,0,0,0
154,-1,0,0,0,0,0,0,0,-1,0,1,21,0,-1,0,0,1,1.0,0,0,0,0,1,0,0,0,0,0,0,1,1,0.0,-1.0,0.0,-1,0.0,-1,0,0,-1,0,-1,-1,0,ffnlneadkmbnbfmf.org /,29,1,-1,-1,0,0,0,0
155,-1,0,0,0,0,0,0,0,-1,0,1,21,0,-1,0,0,1,1.0,0,0,0,0,1,0,0,0,0,0,0,1,1,0.0,-1.0,0.0,-1,0.0,-1,0,0,-1,0,-1,-1,0,akfcdakbfoeembfa.com /,29,1,-1,-1,0,0,0,0
156,-1,0,0,0,0,0,0,0,-1,0,1,21,0,-1,0,0,1,1.0,0,0,0,0,1,0,0,0,0,0,0,1,1,0.0,-1.0,0.0,-1,0.0,-1,0,0,-1,0,-1,-1,0,kcndnleemdcmfbcb.com /,29,1,-1,-1,0,0,0,0
157,-1,0,0,0,0,0,0,0,-1,0,1,21,0,-1,0,0,1,1.0,0,0,0,0,1,0,0,0,0,0,0,1,1,0.0,-1.0,0.0,-1,0.0,-1,0,0,-1,0,-1,-1,0,blfddcakbfbkfmed.com /,29,1,-1,-1,0,0,0,0
158,-1,0,0,0,0,0,0,0,-1,0,1,21,0,-1,0,0,1,1.0,0,0,0,0,1,0,0,0,0,0,0,1,1,0.0,-1.0,0.0,-1,0.0,-1,0,0,-1,0,-1,-1,0,bcambnfaaldlalal.com /,29,1,-1,-1,0,0,0,0
159,-1,0,0,0,0,0,0,0,-1,0,1,20,0,-1,0,0,1,1.0,0,0,0,0,1,0,0,0,0,0,0,1,1,0.0,-1.0,0.0,-1,0.0,-1,0,0,-1,0,-1,-1,0,akfmadbaboaccloa.co /,28,1,-1,-1,0,0,0,0
160,-1,0,0,0,0,0,0,0,-1,0,1,20,0,-1,0,0,1,1.0,0,0,0,0,1,0,0,0,0,0,0,1,1,0.0,-1.0,0.0,-1,0.0,-1,0,0,-1,0,-1,-1,0,laomaeffoacdmfca.cc /,28,1,-1,-1,0,0,0,0
161,-1,0,0,0,0,0,0,0,-1,0,1,20,0,-1,0,0,1,1.0,0,0,0,0,1,0,0,0,0,0,0,1,1,0.0,-1.0,0.0,-1,0.0,-1,0,0,-1,0,-1,-1,0,adnklcencefcdldk.co /,28,1,-1,-1,0,0,0,0
162,-1,0,0,0,0,0,0,0,-1,0,1,21,0,-1,0,0,1,1.0,0,0,0,0,1,0,0,0,0,0,0,1,1,0.0,-1.0,0.0,-1,0.0,-1,0,0,-1,0,-1,-1,0,flkffobnfbnafebo.com /,29,1,-1,-1,0,0,0,0
163,-1,0,0,0,0,0,0,0,-1,0,1,20,0,-1,0,0,1,1.0,0,0,0,0,1,0,0,0,0,0,0,1,1,0.0,-1.0,0.0,-1,0.0,-1,0,0,-1,0,-1,-1,0,oadnbbblebbdlald.tk /,28,1,-1,-1,0,0,0,0
164,-1,0,0,0,0,0,0,0,-1,0,1,20,0,-1,0,0,1,1.0,0,0,0,0,1,0,0,0,0,0,0,1,1,0.0,-1.0,0.0,-1,0.0,-1,0,0,-1,0,-1,-1,0,ffbbkfdlbccbofkm.ga /,28,1,-1,-1,0,0,0,0
165,-1,0,0,0,0,0,0,0,-1,0,1,20,0,-1,0,0,1,1.0,0,0,0,0,1,0,0,0,0,0,0,1,1,0.0,-1.0,0.0,-1,0.0,-1,0,0,-1,0,-1,-1,0,kafbbkfcddmeaafk.ga /,28,1,-1,-1,0,0,0,0
166,-1,0,0,0,0,0,0,0,-1,0,1,20,0,-1,0,0,1,1.0,0,0,0,0,1,0,0,0,0,0,0,1,1,0.0,-1.0,0.0,-1,0.0,-1,0,0,-1,0,-1,-1,0,cabfaffobbabkmml.ga /,28,1,-1,-1,0,0,0,0
167,-1,0,0,0,0,0,0,0,-1,0,1,20,0,-1,0,0,1,1.0,0,0,0,0,1,0,0,0,0,0,0,1,1,0.0,-1.0,0.0,-1,0.0,-1,0,0,-1,0,-1,-1,0,lcacckcbfemabfcd.tk /,28,1,-1,-1,0,0,0,0
168,-1,0,0,0,0,0,0,0,-1,0,1,20,0,-1,0,0,1,1.0,0,0,0,0,1,0,0,0,0,0,0,1,1,0.0,-1.0,0.0,-1,0.0,-1,0,0,-1,0,-1,-1,0,ccklkdkacndacbbd.tk /,28,1,-1,-1,0,0,0,0
169,-1,0,0,0,0,0,0,0,-1,0,1,20,0,-1,0,0,1,1.0,0,0,0,0,1,0,0,0,0,0,0,1,1,0.0,-1.0,0.0,-1,0.0,-1,0,0,-1,0,-1,-1,0,dcdamdbdmdclmbea.ga /,28,1,-1,-1,0,0,0,0
170,-1,0,0,0,0,0,0,0,-1,0,1,22,0,-1,0,0,1,1.0,0,0,0,0,1,0,0,0,0,0,0,1,1,0.0,-1.0,0.0,-1,0.0,-1,0,0,-1,0,-1,-1,0,faolballoknebebd.info /,30,1,-1,-1,0,0,0,0
171,-1,0,0,0,0,0,0,0,-1,0,1,20,0,-1,0,0,1,1.0,0,0,0,0,1,0,0,0,0,0,0,1,1,0.0,-1.0,0.0,-1,0.0,-1,0,0,-1,0,-1,-1,0,cnmfafcdokfbldcc.tk /,28,1,-1,-1,0,0,0,0
172,-1,0,0,0,0,0,0,0,-1,0,1,20,0,-1,0,0,1,1.0,0,0,0,0,1,0,0,0,0,0,0,1,1,0.0,-1.0,0.0,-1,0.0,-1,0,0,-1,0,-1,-1,0,dcldocbednaeacba.de /,28,1,-1,-1,0,0,0,0
173,-1,0,0,0,0,0,0,0,-1,0,1,19,0,-1,0,0,1,1.0,0,0,0,0,1,0,0,0,0,0,0,1,1,0.0,-1.0,0.0,-1,0.0,-1,0,0,-1,0,-1,-1,0,ebfbaaomcalabffc.ga/,27,1,-1,-1,0,0,0,0
174,-1,0,0,0,0,0,0,0,-1,0,1,20,0,-1,0,0,1,1.0,0,0,0,0,1,0,0,0,0,0,0,1,1,0.0,-1.0,0.0,-1,0.0,-1,0,0,-1,0,-1,-1,0,mmmacldnndkdalom.ga /,28,1,-1,-1,0,0,0,0
175,-1,0,0,0,0,0,0,0,-1,0,1,20,0,-1,0,0,1,1.0,0,0,0,0,1,0,0,0,0,0,0,1,1,0.0,-1.0,0.0,-1,0.0,-1,0,0,-1,0,-1,-1,0,cckafmfcdlcbckec.ga /,28,1,-1,-1,0,0,0,0
176,-1,0,0,0,0,0,0,0,-1,0,1,23,0,-1,0,0,1,1.0,0,0,0,0,2,0,0,0,0,0,0,1,1,0.0,-1.0,0.0,-1,0.0,-1,0,0,-1,0,-1,-1,0,lbfonkdcdkcbffdd.co.uk /,31,1,-1,-1,0,0,0,0
177,-1,0,0,0,0,0,0,0,-1,0,1,20,0,-1,0,0,1,1.0,0,0,0,0,1,0,0,0,0,0,0,1,1,0.0,-1.0,0.0,-1,0.0,-1,0,0,-1,0,-1,-1,0,booacmnccdfmacbk.tk /,28,1,-1,-1,0,0,0,0
178,-1,0,0,0,0,0,0,0,-1,0,1,20,0,-1,0,0,1,1.0,0,0,0,0,1,0,0,0,0,0,0,1,1,0.0,-1.0,0.0,-1,0.0,-1,0,0,-1,0,-1,-1,0,obkbobmnbbcfofaf.tk /,28,1,-1,-1,0,0,0,0
179,-1,0,0,0,0,0,0,0,-1,0,1,23,0,-1,0,0,1,1.0,0,0,0,0,2,0,0,0,0,0,0,1,1,0.0,-1.0,0.0,-1,0.0,-1,0,0,-1,0,-1,-1,0,dbambofalabmkdon.co.uk /,31,1,-1,-1,0,0,0,0
180,-1,0,0,0,0,0,0,0,-1,0,1,23,0,-1,0,0,1,1.0,0,0,0,0,2,0,0,0,0,0,0,1,1,0.0,-1.0,0.0,-1,0.0,-1,0,0,-1,0,-1,-1,0,oacbaccdocembcbb.co.uk /,31,1,-1,-1,0,0,0,0
181,-1,0,0,0,0,0,0,0,-1,0,1,20,0,-1,0,0,1,1.0,0,0,0,0,1,0,0,0,0,0,0,1,1,0.0,-1.0,0.0,-1,0.0,-1,0,0,-1,0,-1,-1,0,cbafacolamaneead.de /,28,1,-1,-1,0,0,0,0
182,-1,0,0,0,0,0,0,0,-1,0,1,20,0,-1,0,0,1,1.0,0,0,0,0,1,0,0,0,0,0,0,1,1,0.0,-1.0,0.0,-1,0.0,-1,0,0,-1,0,-1,-1,0,abaeaddoccadccnb.cc /,28,1,-1,-1,0,0,0,0
183,-1,0,0,0,0,0,0,0,-1,0,1,21,0,-1,0,0,1,1.0,0,0,0,0,1,0,0,0,0,0,0,1,1,0.0,-1.0,0.0,-1,0.0,-1,0,0,-1,0,-1,-1,0,aanccmlaakbnocal.org /,29,1,-1,-1,0,0,0,0
184,-1,0,0,0,0,0,0,0,-1,0,1,20,0,-1,0,0,1,1.0,0,0,0,0,1,0,0,0,0,0,0,1,1,0.0,-1.0,0.0,-1,0.0,-1,0,0,-1,0,-1,-1,0,fekndfmlcbfkfbfa.co /,28,1,-1,-1,0,0,0,0
185,-1,0,0,0,0,0,0,0,-1,0,1,20,0,-1,0,0,1,1.0,0,0,0,0,1,0,0,0,0,0,0,1,1,0.0,-1.0,0.0,-1,0.0,-1,0,0,-1,0,-1,-1,0,dabaaedkbecleanf.co /,28,1,-1,-1,0,0,0,0
186,-1,0,0,0,0,0,0,0,-1,0,1,20,0,-1,0,0,1,1.0,0,0,0,0,1,0,0,0,0,0,0,1,1,0.0,-1.0,0.0,-1,0.0,-1,0,0,-1,0,-1,-1,0,cdlmnonbndbokofe.ga /,28,1,-1,-1,0,0,0,0
187,-1,0,0,0,0,0,0,0,-1,0,1,22,0,-1,0,0,1,1.0,0,0,0,0,1,0,0,0,0,0,0,1,1,0.0,-1.0,0.0,-1,0.0,-1,0,0,-1,0,-1,-1,0,dcnabdbcbmndffcd.info /,30,1,-1,-1,0,0,0,0
188,-1,0,0,0,0,0,0,0,-1,0,1,21,0,-1,0,0,1,1.0,0,0,0,0,1,0,0,0,0,0,0,1,1,0.0,-1.0,0.0,-1,0.0,-1,0,0,-1,0,-1,-1,0,bdcenbnoacfffadc.org /,29,1,-1,-1,0,0,0,0
189,-1,0,0,0,0,0,1,0,-1,0,1,27,0,-1,0,0,1,1.0,0,0,0,0,2,0,7,0,0,0,0,1,1,0.0,-1.0,0.0,-1,0.0,-1,0,0,-1,1,0,-1,0,p27dokhpz2n7nvgr.1bj4k9.top/,35,1,-1,-1,0,0,0,0
190,-1,0,0,0,0,0,0,0,-1,0,1,20,0,-1,0,0,1,1.0,0,0,0,0,1,0,0,0,0,0,0,1,1,0.0,-1.0,0.0,-1,0.0,-1,0,0,-1,0,-1,-1,0,ocoaadaoefbckodf.tk /,28,1,-1,-1,0,0,0,0
191,1,0,0,0,1,0,1,1,1,0,1,26,0,1,0,1,1,0.0,1,0,0,0,2,0,1,0,0,0,0,1,1,100.0,1.0,100.0,-1,1.0,-1,0,0,-1,1,0,1,0,padcrympj5rvgwed.onion.cab/,35,1,-1,-1,0,0,0,0
192,-1,0,0,0,0,0,0,0,-1,0,1,19,0,-1,0,0,1,1.0,0,0,0,0,2,0,0,0,0,1,0,11,1,0.0,-1.0,0.0,-1,0.0,-1,0,0,-1,0,-1,-1,0,unityvolverline.top/search.php,37,1,-1,-1,0,0,0,0
193,-1,0,0,0,0,0,0,0,-1,0,1,22,0,-1,0,0,1,1.0,0,0,0,0,1,0,0,0,0,0,0,1,1,0.0,-1.0,0.0,-1,0.0,-1,0,0,-1,0,-1,-1,0,abdcalekeccdmofo.info /,30,1,-1,-1,0,0,0,0
194,-1,0,0,0,0,0,0,0,-1,0,1,27,0,-1,0,0,1,1.0,0,0,0,0,2,0,5,0,0,0,0,1,1,0.0,-1.0,0.0,-1,0.0,-1,0,0,-1,1,0,-1,0,p27dokhpz2n7nvgr.1vjnyh.top/,35,1,-1,-1,0,0,0,0
195,-1,0,0,0,0,0,0,0,-1,0,1,21,0,-1,0,0,1,1.0,0,0,0,0,1,0,0,0,0,0,0,1,1,0.0,-1.0,0.0,-1,0.0,-1,0,0,-1,0,-1,-1,0,edcndnbcbbmddffb.net /,29,1,-1,-1,0,0,0,0
196,-1,0,0,0,0,0,0,0,-1,0,1,21,0,-1,0,0,1,1.0,0,0,0,0,1,0,0,0,0,0,0,1,1,0.0,-1.0,0.0,-1,0.0,-1,0,0,-1,0,-1,-1,0,lbbdmkocnmdmbemf.com /,29,1,-1,-1,0,0,0,0
197,-1,0,0,0,0,0,0,0,-1,0,1,21,0,-1,0,0,1,1.0,0,0,0,0,1,0,0,0,0,0,0,1,1,0.0,-1.0,0.0,-1,0.0,-1,0,0,-1,0,-1,-1,0,oclddcafaecdlbaf.com /,29,1,-1,-1,0,0,0,0
198,-1,0,0,0,0,0,0,0,-1,0,1,20,0,-1,0,0,1,1.0,0,0,1,1,1,0,4,0,0,0,0,6,2,0.0,-1.0,0.0,-1,0.0,-1,0,0,-1,0,-1,-1,0,app-facebook2017.com/apps/,33,1,-1,-1,0,0,0,0
199,-1,0,0,0,0,0,0,0,-1,0,1,21,0,-1,0,0,1,1.0,0,0,0,0,1,0,0,0,0,0,0,1,1,0.0,-1.0,0.0,-1,0.0,-1,0,0,-1,0,-1,-1,0,bdaffkbdlaeemdbm.com /,29,1,-1,-1,0,0,0,0
200,-1,0,0,0,0,0,0,0,-1,0,1,21,0,-1,0,0,1,1.0,0,0,0,0,1,0,0,0,0,0,0,1,1,0.0,-1.0,0.0,-1,0.0,-1,0,0,-1,0,-1,-1,0,ocbclbaakaloambo.com /,29,1,-1,-1,0,0,0,0
201,-1,0,0,0,0,0,0,0,-1,0,1,20,0,-1,0,0,1,1.0,0,0,0,0,1,0,0,0,0,0,0,1,1,0.0,-1.0,0.0,-1,0.0,-1,0,0,-1,0,-1,-1,0,edkcconbffakfcfe.co /,28,1,-1,-1,0,0,0,0
202,-1,0,0,0,0,0,0,0,-1,0,1,15,0,-1,0,0,1,1.0,0,0,0,0,2,0,2,0,0,0,0,8,1,0.0,-1.0,0.0,-1,0.0,-1,0,0,-1,0,-1,-1,0,app20yearsx.com/ta.html,30,1,-1,-1,0,0,0,0
203,-1,0,0,0,0,0,0,0,-1,0,1,15,0,-1,0,0,1,1.0,0,0,0,0,1,0,5,0,0,0,0,8,2,0.0,-1.0,0.0,-1,0.0,-1,0,0,-1,0,-1,-1,0,app20yearsx.com/iso202/,30,1,-1,-1,0,0,0,0
204,-1,0,0,0,0,0,0,0,-1,0,1,21,0,-1,0,0,1,1.0,0,0,0,0,1,0,0,0,0,0,0,1,1,0.0,-1.0,0.0,-1,0.0,-1,0,0,-1,0,-1,-1,0,dcfkafkeacbmnlaa.com /,29,1,-1,-1,0,0,0,0
205,-1,0,0,0,0,0,0,0,-1,0,1,21,0,-1,0,0,1,1.0,0,0,0,0,1,0,0,0,0,0,0,1,1,0.0,-1.0,0.0,-1,0.0,-1,0,0,-1,0,-1,-1,0,bbnlafmannmambfa.com /,29,1,-1,-1,0,0,0,0
206,-1,0,0,0,0,0,0,0,-1,0,1,21,0,-1,0,0,1,1.0,0,0,0,0,1,0,0,0,0,0,0,1,1,0.0,-1.0,0.0,-1,0.0,-1,0,0,-1,0,-1,-1,0,nonlckdkednfmkfb.com /,29,1,-1,-1,0,0,0,0
207,-1,0,0,0,0,0,0,0,-1,0,1,20,0,-1,0,0,1,1.0,0,0,0,0,1,0,0,0,0,0,0,1,1,0.0,-1.0,0.0,-1,0.0,-1,0,0,-1,0,-1,-1,0,efecmamccdfnklaf.de /,28,1,-1,-1,0,0,0,0
208,-1,0,0,0,0,0,0,0,-1,0,1,22,0,-1,0,0,1,1.0,0,0,0,0,2,0,7,0,0,0,0,12,1,0.0,-1.0,0.0,-1,0.0,-1,0,0,-1,0,-1,-1,0,tomrerarbejdeolsen.com/1603750.doc,41,1,-1,-1,0,0,0,0
209,-1,0,0,0,0,0,0,0,-1,0,1,15,0,-1,0,0,1,1.0,0,0,0,0,1,0,2,0,0,0,0,5,2,0.0,-1.0,0.0,-1,0.0,-1,0,0,-1,0,-1,-1,0,app20yearsx.com/new/,27,1,-1,-1,0,0,0,0
210,-1,0,0,0,0,0,0,0,-1,0,1,21,0,-1,0,0,1,1.0,0,0,0,0,1,0,0,0,0,0,0,1,1,0.0,-1.0,0.0,-1,0.0,-1,0,0,-1,0,-1,-1,0,dnmfkbadalkdbceo.net /,29,1,-1,-1,0,0,0,0
211,-1,0,0,0,0,0,0,0,-1,0,1,21,0,-1,0,0,1,1.0,0,0,0,0,1,0,0,0,0,0,0,1,1,0.0,-1.0,0.0,-1,0.0,-1,0,0,-1,0,-1,-1,0,mnfelfmffalmlabf.net /,29,1,-1,-1,0,0,0,0
212,-1,0,0,0,0,0,0,0,-1,0,1,21,0,-1,0,0,1,1.0,0,0,0,0,1,0,0,0,0,0,0,1,1,0.0,-1.0,0.0,-1,0.0,-1,0,0,-1,0,-1,-1,0,onfmkconknbafddf.com /,29,1,-1,-1,0,0,0,0
213,-1,0,0,0,0,0,0,0,-1,0,1,21,0,-1,0,0,1,1.0,0,0,0,0,1,0,0,0,0,0,0,1,1,0.0,-1.0,0.0,-1,0.0,-1,0,0,-1,0,-1,-1,0,daffcaekoffbcfam.com /,29,1,-1,-1,0,0,0,0
214,-1,0,0,0,0,0,0,0,-1,0,1,15,0,-1,0,0,1,1.0,0,0,0,0,2,0,2,0,0,0,0,8,1,0.0,-1.0,0.0,-1,0.0,-1,0,0,-1,0,-1,-1,0,app20yearsx.com/at.html,30,1,-1,-1,0,0,0,0
215,-1,0,0,0,0,0,0,0,-1,0,1,21,0,-1,0,0,1,1.0,0,0,0,0,1,0,0,0,0,0,0,1,1,0.0,-1.0,0.0,-1,0.0,-1,0,0,-1,0,-1,-1,0,fkndadkcbmbcfaon.net /,29,1,-1,-1,0,0,0,0
216,-1,0,0,0,0,0,0,0,-1,0,1,21,0,-1,0,0,1,1.0,0,0,0,0,1,0,0,0,0,0,0,1,1,0.0,-1.0,0.0,-1,0.0,-1,0,0,-1,0,-1,-1,0,ddfmeblbfbaadfcf.com /,29,1,-1,-1,0,0,0,0
217,-1,0,0,0,0,0,0,0,-1,0,1,21,0,-1,0,0,1,1.0,0,0,0,0,1,0,0,0,0,0,0,1,1,0.0,-1.0,0.0,-1,0.0,-1,0,0,-1,0,-1,-1,0,bfdmbafdaefeabfm.com /,29,1,-1,-1,0,0,0,0
218,-1,0,0,0,0,0,0,0,-1,0,1,15,0,-1,0,0,1,1.0,0,0,0,0,2,0,0,0,0,0,0,8,1,0.0,-1.0,0.0,-1,0.0,-1,0,0,-1,0,-1,-1,0,app20yearsx.com/ck.html,30,1,-1,-1,0,0,0,0
219,-1,0,0,0,0,0,0,0,-1,0,1,21,0,-1,0,0,1,1.0,0,0,0,0,1,0,2,0,0,0,0,1,1,0.0,-1.0,0.0,-1,0.0,-1,0,0,-1,0,-1,-1,0,oemfencladabbkan.com /,29,1,-1,-1,0,0,0,0
220,-1,0,0,0,0,0,0,0,-1,0,1,21,0,-1,0,0,1,1.0,0,0,0,0,1,0,0,0,0,0,0,1,1,0.0,-1.0,0.0,-1,0.0,-1,0,0,-1,0,-1,-1,0,fdkdaadbcefedcac.com /,29,1,-1,-1,0,0,0,0
221,-1,0,0,0,0,0,0,0,-1,0,1,21,0,-1,0,0,1,1.0,0,0,0,0,1,0,0,0,0,0,0,1,1,0.0,-1.0,0.0,-1,0.0,-1,0,0,-1,0,-1,-1,0,alnadfkbacdebcdn.com /,29,1,-1,-1,0,0,0,0
222,-1,0,0,0,0,0,0,0,-1,0,1,20,0,-1,0,0,1,1.0,0,0,0,0,1,0,0,0,0,0,0,1,1,0.0,-1.0,0.0,-1,0.0,-1,0,0,-1,0,-1,-1,0,bcncfafolddbfoan.tk /,28,1,-1,-1,0,0,0,0
223,-1,0,0,0,0,0,0,0,-1,0,1,20,0,-1,0,0,1,1.0,0,0,0,0,1,0,0,0,0,0,0,1,1,0.0,-1.0,0.0,-1,0.0,-1,0,0,-1,0,-1,-1,0,naebcoddebaeadeb.tk /,28,1,-1,-1,0,0,0,0
224,-1,0,0,0,0,0,0,0,-1,0,1,20,0,-1,0,0,1,1.0,0,0,1,1,1,0,7,0,0,0,0,8,2,0.0,-1.0,0.0,-1,0.0,-1,0,0,-1,0,-1,-1,0,app-facebook2017.com/iso202/,35,1,-1,-1,0,0,0,0
225,-1,0,0,0,0,0,0,0,-1,0,1,15,0,-1,0,0,1,1.0,0,0,0,0,1,0,2,0,0,0,0,6,2,0.0,-1.0,0.0,-1,0.0,-1,0,0,-1,0,-1,-1,0,app20yearsx.com/apps/,28,1,-1,-1,0,0,0,0
226,-1,0,0,0,0,0,0,0,-1,0,1,20,0,-1,0,0,1,1.0,0,0,1,1,1,0,4,0,0,0,0,9,2,0.0,-1.0,0.0,-1,0.0,-1,0,0,-1,0,-1,-1,0,app-facebook2017.com/appshot/,36,1,-1,-1,0,0,0,0
227,-1,0,0,0,0,0,0,0,-1,0,1,22,0,-1,0,0,1,1.0,0,0,0,0,1,0,0,0,0,0,0,1,1,0.0,-1.0,0.0,-1,0.0,-1,0,0,-1,0,-1,-1,0,fmmofnnefdklmnld.info /,30,1,-1,-1,0,0,0,0
228,-1,0,0,0,0,0,0,0,-1,0,1,21,0,-1,0,0,1,1.0,0,0,0,0,1,0,0,0,0,0,0,1,1,0.0,-1.0,0.0,-1,0.0,-1,0,0,-1,0,-1,-1,0,kfelcckclckcmoco.org /,29,1,-1,-1,0,0,0,0
229,-1,0,0,0,0,0,0,0,-1,0,1,21,0,-1,0,0,1,1.0,0,0,0,0,1,0,0,0,0,0,0,1,1,0.0,-1.0,0.0,-1,0.0,-1,0,0,-1,0,-1,-1,0,mabbcofcbcbdfcfm.com /,29,1,-1,-1,0,0,0,0
230,-1,0,0,0,0,0,0,0,-1,0,1,20,0,-1,0,0,1,1.0,0,0,0,0,1,0,0,0,0,0,0,1,1,0.0,-1.0,0.0,-1,0.0,-1,0,0,-1,0,-1,-1,0,bdmmndckdleabmfn.cc /,28,1,-1,-1,0,0,0,0
231,-1,0,0,0,0,0,0,0,-1,0,1,20,0,-1,0,0,1,1.0,0,0,0,0,1,0,0,0,0,0,0,1,1,0.0,-1.0,0.0,-1,0.0,-1,0,0,-1,0,-1,-1,0,aoaebcbakonflkce.co /,28,1,-1,-1,0,0,0,0
232,-1,0,0,0,0,0,0,0,-1,0,1,16,0,-1,0,0,1,1.0,0,0,1,1,2,0,0,0,0,0,0,8,1,0.0,-1.0,0.0,-1,0.0,-1,0,0,-1,0,-1,-1,0,app-facabook.com/at.html,31,1,-1,-1,0,0,0,0
233,-1,0,0,0,0,0,0,0,-1,0,1,20,0,-1,0,0,1,1.0,0,0,0,0,1,0,0,0,0,0,0,1,1,0.0,-1.0,0.0,-1,0.0,-1,0,0,-1,0,-1,-1,0,dafocoldceoaacml.cc /,28,1,-1,-1,0,0,0,0
234,-1,0,0,0,0,0,0,0,-1,0,1,21,0,-1,0,0,1,1.0,0,0,0,0,1,0,0,0,0,0,0,1,1,0.0,-1.0,0.0,-1,0.0,-1,0,0,-1,0,-1,-1,0,faecbfcbncbbeace.com /,29,1,-1,-1,0,0,0,0
235,-1,0,0,0,0,0,0,0,-1,0,1,20,0,-1,0,0,1,1.0,0,0,0,0,1,0,0,0,0,0,0,1,1,0.0,-1.0,0.0,-1,0.0,-1,0,0,-1,0,-1,-1,0,addbdfcamfocmcnf.cc /,28,1,-1,-1,0,0,0,0
236,-1,0,0,0,0,0,0,0,-1,0,1,11,0,-1,0,0,1,1.0,0,0,0,0,2,0,0,0,0,1,0,26,3,0.0,-1.0,0.0,-1,0.0,-1,0,0,-1,0,-1,-1,0,oxylala.gdn/mandela/panelnew/gate.php,44,1,-1,-1,0,0,0,0
237,-1,0,0,0,0,0,0,0,-1,0,1,20,0,-1,0,0,1,1.0,0,0,0,0,1,0,0,0,0,0,0,1,1,0.0,-1.0,0.0,-1,0.0,-1,0,0,-1,0,-1,-1,0,cefafdkffdambcfa.ga /,28,1,-1,-1,0,0,0,0
238,-1,0,0,0,0,0,0,0,-1,0,1,21,0,-1,0,0,1,1.0,0,0,0,0,1,0,0,0,0,0,0,1,1,0.0,-1.0,0.0,-1,0.0,-1,0,0,-1,0,-1,-1,0,naddandedlfffdcc.org /,29,1,-1,-1,0,0,0,0
239,-1,0,1,0,0,0,0,0,-1,0,1,15,0,-1,0,0,1,1.0,0,0,0,0,3,0,0,0,0,1,0,23,3,0.0,-1.0,0.0,-1,0.0,-1,0,0,-1,1,0,-1,0,rss.nbcpost.com/news/today/content.php,45,1,-1,-1,0,0,0,0
240,-1,0,0,0,0,0,1,0,-1,0,1,27,0,-1,0,0,1,1.0,0,0,0,0,2,0,8,0,0,0,0,1,1,0.0,-1.0,0.0,-1,0.0,-1,0,0,-1,1,0,-1,0,p27dokhpz2n7nvgr.1d8m97.top/,35,1,-1,-1,0,0,0,0
241,-1,0,0,0,0,0,0,0,-1,0,1,21,0,-1,0,0,1,1.0,0,0,0,0,1,0,0,0,0,0,0,1,1,0.0,-1.0,0.0,-1,0.0,-1,0,0,-1,0,-1,-1,0,afcmncnffcocacnb.org /,29,1,-1,-1,0,0,0,0
242,-1,0,0,0,0,0,0,0,-1,0,1,21,0,-1,0,0,1,1.0,0,0,0,0,1,0,0,0,0,0,0,1,1,0.0,-1.0,0.0,-1,0.0,-1,0,0,-1,0,-1,-1,0,debbaeekmeekaaco.com /,29,1,-1,-1,0,0,0,0
243,-1,0,0,0,0,0,0,0,-1,0,1,22,0,-1,0,0,1,1.0,0,0,0,0,2,0,0,0,0,1,0,29,5,0.0,-1.0,0.0,-1,0.0,-1,0,0,-1,0,-1,-1,0,activatemywebsetup.com/img/sunday/Excel/PO/page.php,58,1,-1,-1,0,0,0,0
244,-1,0,0,0,0,0,0,0,-1,0,1,18,0,-1,0,0,1,1.0,0,0,1,0,2,0,0,0,0,0,0,12,1,0.0,-1.0,0.0,-1,0.0,-1,0,0,-1,0,-1,-1,0,cureeczemafast.org/wp-conf.gbn,37,1,-1,-1,0,0,0,0
245,-1,0,0,0,0,0,0,0,-1,0,1,25,0,-1,0,0,1,1.0,0,0,0,0,1,0,0,0,0,0,0,1,1,0.0,-1.0,0.0,-1,0.0,-1,0,0,-1,0,-1,-1,0,olacoebnbfcbbfco.website /,33,1,-1,-1,0,0,0,0
246,-1,0,0,0,0,0,0,0,-1,0,1,25,0,-1,0,0,1,1.0,0,0,0,0,1,0,0,0,0,0,0,1,1,0.0,-1.0,0.0,-1,0.0,-1,0,0,-1,0,-1,-1,0,nobkemcocndmlbad.website /,33,1,-1,-1,0,0,0,0
247,-1,0,0,0,0,0,0,0,-1,0,1,25,0,-1,0,0,1,1.0,0,0,0,0,1,0,0,0,0,0,0,1,1,0.0,-1.0,0.0,-1,0.0,-1,0,0,-1,0,-1,-1,0,fkkldbbfbakbbble.website /,33,1,-1,-1,0,0,0,0
248,-1,0,0,0,0,0,0,0,-1,0,1,21,0,-1,0,0,1,1.0,0,0,0,0,1,0,0,0,0,0,0,1,1,0.0,-1.0,0.0,-1,0.0,-1,0,0,-1,0,-1,-1,0,lfacbmfcbfoddkec.com /,29,1,-1,-1,0,0,0,0
249,-1,0,0,0,0,0,0,0,-1,0,1,21,0,-1,0,0,1,1.0,0,0,0,0,1,0,0,0,0,0,0,1,1,0.0,-1.0,0.0,-1,0.0,-1,0,0,-1,0,-1,-1,0,oodlnabfcndadllc.org /,29,1,-1,-1,0,0,0,0
250,-1,0,0,0,0,0,0,0,-1,0,1,21,0,-1,0,0,1,1.0,0,0,0,0,1,0,0,0,0,0,0,1,1,0.0,-1.0,0.0,-1,0.0,-1,0,0,-1,0,-1,-1,0,nmbacaccbldffbdd.com /,29,1,-1,-1,0,0,0,0
251,-1,0,0,0,0,0,0,0,-1,0,1,21,0,-1,0,0,1,1.0,0,0,0,0,1,0,0,0,0,0,0,1,1,0.0,-1.0,0.0,-1,0.0,-1,0,0,-1,0,-1,-1,0,bcoclbkomeanafma.org /,29,1,-1,-1,0,0,0,0
252,-1,0,0,0,0,0,0,0,-1,0,1,25,0,-1,0,0,1,1.0,0,0,0,0,1,0,0,0,0,0,0,1,1,0.0,-1.0,0.0,-1,0.0,-1,0,0,-1,0,-1,-1,0,baalafacdcfckkfd.website /,33,1,-1,-1,0,0,0,0
253,-1,0,0,0,0,0,0,0,-1,0,1,21,0,-1,0,0,1,1.0,0,0,0,0,1,0,0,0,0,0,0,1,1,0.0,-1.0,0.0,-1,0.0,-1,0,0,-1,0,-1,-1,0,ffballdffbccckmf.org /,29,1,-1,-1,0,0,0,0
254,-1,0,0,0,0,0,0,0,-1,0,1,25,0,-1,0,0,1,1.0,0,0,0,0,1,0,0,0,0,0,0,1,1,0.0,-1.0,0.0,-1,0.0,-1,0,0,-1,0,-1,-1,0,lababbmmablcfokf.website /,33,1,-1,-1,0,0,0,0
255,-1,0,0,0,0,0,0,0,-1,0,1,21,0,-1,0,0,1,1.0,0,0,0,0,1,0,0,0,0,0,0,1,1,0.0,-1.0,0.0,-1,0.0,-1,0,0,-1,0,-1,-1,0,foloaacbcdbaoaco.org /,29,1,-1,-1,0,0,0,0
256,-1,0,0,0,0,0,0,0,-1,0,1,21,0,-1,0,0,1,1.0,0,0,0,0,1,0,0,0,0,0,0,1,1,0.0,-1.0,0.0,-1,0.0,-1,0,0,-1,0,-1,-1,0,fblddomdfcnfcncc.com /,29,1,-1,-1,0,0,0,0
257,-1,0,0,0,0,0,0,0,-1,0,1,20,0,-1,0,0,1,1.0,0,0,0,0,1,0,0,0,0,0,0,1,1,0.0,-1.0,0.0,-1,0.0,-1,0,0,-1,0,-1,-1,0,lcokmaccnboaeald.ga /,28,1,-1,-1,0,0,0,0
258,-1,0,0,0,0,0,0,0,-1,0,1,21,0,-1,0,0,1,1.0,0,0,0,0,1,0,0,0,0,0,0,1,1,0.0,-1.0,0.0,-1,0.0,-1,0,0,-1,0,-1,-1,0,encmedobbafdcleb.com /,29,1,-1,-1,0,0,0,0
259,-1,0,0,0,0,0,0,0,-1,0,1,21,0,-1,0,0,1,1.0,0,0,0,0,1,0,0,0,0,0,0,1,1,0.0,-1.0,0.0,-1,0.0,-1,0,0,-1,0,-1,-1,0,lkbakbafanbnmlbd.net /,29,1,-1,-1,0,0,0,0
260,-1,0,0,0,0,0,0,0,-1,0,1,21,0,-1,0,0,1,1.0,0,0,0,0,1,0,0,0,0,0,0,1,1,0.0,-1.0,0.0,-1,0.0,-1,0,0,-1,0,-1,-1,0,falckabmkaloecln.net /,29,1,-1,-1,0,0,0,0
261,-1,0,0,0,0,0,0,0,-1,0,1,22,0,-1,0,0,1,1.0,0,0,0,0,1,0,0,0,0,0,0,1,1,0.0,-1.0,0.0,-1,0.0,-1,0,0,-1,0,-1,-1,0,kcdemmbalaeddeel.info /,30,1,-1,-1,0,0,0,0
262,-1,0,0,0,0,0,0,0,-1,0,1,20,0,-1,0,0,1,1.0,0,0,0,0,1,0,0,0,0,0,0,1,1,0.0,-1.0,0.0,-1,0.0,-1,0,0,-1,0,-1,-1,0,ddcfocelddfbbcnk.cc /,28,1,-1,-1,0,0,0,0
263,-1,0,0,0,0,0,0,0,-1,0,1,21,0,-1,0,0,1,1.0,0,0,0,0,1,0,0,0,0,0,0,1,1,0.0,-1.0,0.0,-1,0.0,-1,0,0,-1,0,-1,-1,0,bbfcdkamnmbofdal.com /,29,1,-1,-1,0,0,0,0
264,-1,0,0,0,0,0,0,0,-1,0,1,21,0,-1,0,0,1,1.0,0,0,0,0,1,0,0,0,0,0,0,1,1,0.0,-1.0,0.0,-1,0.0,-1,0,0,-1,0,-1,-1,0,clacflfodfllncen.net /,29,1,-1,-1,0,0,0,0
265,-1,0,0,0,0,0,1,0,-1,0,1,19,0,-1,0,1,1,1.0,1,0,0,0,2,0,3,0,0,0,0,8,2,0.0,-1.0,0.0,-1,0.0,-1,0,0,-1,1,0,-1,0,appsnewhot.ddns.net/iso202/,35,1,-1,-1,0,0,0,0
266,-1,0,0,0,0,0,1,0,-1,0,1,19,0,-1,0,1,1,1.0,1,0,0,0,2,0,0,0,0,0,0,9,2,0.0,-1.0,0.0,-1,0.0,-1,0,0,-1,1,0,-1,0,appsnewhot.ddns.net/appshot/,36,1,-1,-1,0,0,0,0
267,-1,0,0,0,0,0,0,0,-1,0,1,23,0,-1,0,0,1,1.0,0,0,0,0,2,0,0,0,0,0,0,1,1,0.0,-1.0,0.0,-1,0.0,-1,0,0,-1,0,-1,-1,0,dbabmfffanfnclbc.co.uk /,31,1,-1,-1,0,0,0,0
268,-1,0,0,0,0,0,0,0,-1,0,1,20,0,-1,0,0,1,1.0,0,0,0,0,1,0,0,0,0,0,0,1,1,0.0,-1.0,0.0,-1,0.0,-1,0,0,-1,0,-1,-1,0,coaafccolfafdbfl.co /,28,1,-1,-1,0,0,0,0
269,-1,0,0,0,0,0,1,0,-1,0,1,19,0,-1,0,1,1,1.0,1,0,0,0,3,0,0,0,0,0,0,8,1,0.0,-1.0,0.0,-1,0.0,-1,0,0,-1,1,0,-1,0,appsnewhot.ddns.net/at.html,35,1,-1,-1,0,0,0,0
270,-1,0,0,0,0,0,0,0,-1,0,1,24,0,-1,0,0,1,1.0,0,0,0,0,1,0,0,0,0,0,0,1,1,0.0,-1.0,0.0,-1,0.0,-1,0,0,-1,0,-1,-1,0,edbcfnlfalodbmeo.online /,32,1,-1,-1,0,0,0,0
271,-1,0,0,0,0,0,0,0,-1,0,1,20,0,-1,0,0,1,1.0,0,0,0,0,1,0,0,0,0,0,0,1,1,0.0,-1.0,0.0,-1,0.0,-1,0,0,-1,0,-1,-1,0,abclamecbdaancdd.ga /,28,1,-1,-1,0,0,0,0
272,-1,0,0,0,0,0,0,0,-1,0,1,20,0,-1,0,0,1,1.0,0,0,0,0,1,0,0,0,0,0,0,1,1,0.0,-1.0,0.0,-1,0.0,-1,0,0,-1,0,-1,-1,0,ffaccdcledeaedcc.ga /,28,1,-1,-1,0,0,0,0
273,-1,0,0,0,0,0,0,0,-1,0,1,21,0,-1,0,0,1,1.0,0,0,0,0,1,0,0,0,0,0,0,1,1,0.0,-1.0,0.0,-1,0.0,-1,0,0,-1,0,-1,-1,0,bfondbdbamfobfbm.org /,29,1,-1,-1,0,0,0,0
274,-1,0,0,0,0,0,1,0,-1,0,1,19,0,-1,0,1,1,1.0,1,0,0,0,3,0,0,0,0,0,0,8,1,0.0,-1.0,0.0,-1,0.0,-1,0,0,-1,1,0,-1,0,appsnewhot.ddns.net/ta.html,35,1,-1,-1,0,0,0,0
275,-1,0,0,0,0,0,0,0,-1,0,1,21,0,-1,0,0,1,1.0,0,0,0,0,1,0,0,0,0,0,0,1,1,0.0,-1.0,0.0,-1,0.0,-1,0,0,-1,0,-1,-1,0,ofbocoomadaooala.com /,29,1,-1,-1,0,0,0,0
276,-1,0,0,0,0,0,0,0,-1,0,1,23,0,-1,0,0,1,1.0,0,0,0,0,2,0,0,0,0,0,0,1,1,0.0,-1.0,0.0,-1,0.0,-1,0,0,-1,0,-1,-1,0,nadcbbaccoolddad.co.uk /,31,1,-1,-1,0,0,0,0
277,-1,0,0,0,0,0,0,0,-1,0,1,21,0,-1,0,0,1,1.0,0,0,0,0,1,0,0,0,0,0,0,1,1,0.0,-1.0,0.0,-1,0.0,-1,0,0,-1,0,-1,-1,0,fbdfmcabnbcfafaf.com /,29,1,-1,-1,0,0,0,0
278,-1,0,0,0,0,0,0,0,-1,0,1,19,0,-1,0,0,1,1.0,0,0,0,0,1,0,0,0,0,0,0,1,1,0.0,-1.0,0.0,-1,0.0,-1,0,0,-1,0,-1,-1,0,mfadbbekcbnedbfb.co/,27,1,-1,-1,0,0,0,0
279,-1,0,0,0,0,0,0,0,-1,0,1,24,0,-1,0,0,1,1.0,0,0,0,0,1,0,0,0,0,0,0,1,1,0.0,-1.0,0.0,-1,0.0,-1,0,0,-1,0,-1,-1,0,ckceeeeldlkcdnff.online /,32,1,-1,-1,0,0,0,0
280,-1,0,0,0,0,0,0,0,-1,0,1,20,0,-1,0,0,1,1.0,0,0,0,0,1,0,0,0,0,0,0,1,1,0.0,-1.0,0.0,-1,0.0,-1,0,0,-1,0,-1,-1,0,dffneaoaccmanmde.cc /,28,1,-1,-1,0,0,0,0
281,-1,0,0,0,0,0,0,0,-1,0,1,15,0,-1,0,0,1,1.0,0,0,0,0,2,0,0,0,0,1,0,11,1,0.0,-1.0,0.0,-1,0.0,-1,0,0,-1,0,-1,-1,0,rapidytrust.top/search.php,33,1,-1,-1,0,0,0,0
282,-1,0,0,0,0,0,0,0,-1,0,1,20,0,-1,0,0,1,1.0,0,0,0,0,1,0,0,0,0,0,0,1,1,0.0,-1.0,0.0,-1,0.0,-1,0,0,-1,0,-1,-1,0,cfafkcaabmdaeboc.ga /,28,1,-1,-1,0,0,0,0
283,-1,0,0,0,0,0,0,0,-1,0,1,25,0,-1,0,0,1,1.0,0,0,0,0,1,0,0,0,0,0,0,1,1,0.0,-1.0,0.0,-1,0.0,-1,0,0,-1,0,-1,-1,0,nkckbkalcabkkndc.website /,33,1,-1,-1,0,0,0,0
284,1,0,0,0,0,0,1,1,1,0,1,28,0,1,0,0,1,0.0,0,0,0,3,4,0,11,0,0,1,0,0,0,1.0,1.0,1.0,1,1.0,-1,0,0,-1,0,-1,1,0,185.163.46.150/software.exe,34,1,1,1,0,0,0,0
285,-1,0,0,0,0,0,0,0,-1,0,1,15,0,-1,0,0,1,1.0,0,0,0,0,1,0,2,0,0,0,0,8,2,0.0,-1.0,0.0,-1,0.0,-1,0,0,-1,0,-1,-1,0,app20yearsx.com/videos/,30,1,-1,-1,0,0,0,0
286,-1,0,0,0,0,0,0,0,-1,0,1,20,0,-1,0,0,1,1.0,0,0,0,0,1,0,0,0,0,0,0,1,1,0.0,-1.0,0.0,-1,0.0,-1,0,0,-1,0,-1,-1,0,fmmokbdbefddokda.online /,28,1,-1,-1,0,0,0,0
287,-1,0,0,0,0,0,0,0,-1,0,1,24,0,-1,0,0,1,1.0,0,0,0,0,1,0,0,0,0,0,0,1,1,0.0,-1.0,0.0,-1,0.0,-1,0,0,-1,0,-1,-1,0,cbdmolcdlbnfemed.co /,32,1,-1,-1,0,0,0,0
288,-1,0,0,0,0,0,0,0,-1,0,1,25,0,-1,0,0,1,1.0,0,0,0,0,1,0,0,0,0,0,0,1,1,0.0,-1.0,0.0,-1,0.0,-1,0,0,-1,0,-1,-1,0,eabcabfbldlcbnfb.website /,33,1,-1,-1,0,0,0,0
289,-1,0,0,0,0,0,0,0,-1,0,1,20,0,-1,0,0,1,1.0,0,0,0,0,1,0,0,0,0,0,0,1,1,0.0,-1.0,0.0,-1,0.0,-1,0,0,-1,0,-1,-1,0,cfeackbacblmdedk.tk /,28,1,-1,-1,0,0,0,0
290,-1,0,0,0,0,0,0,0,-1,0,1,25,0,-1,0,0,1,1.0,0,0,0,0,1,0,0,0,0,0,0,1,1,0.0,-1.0,0.0,-1,0.0,-1,0,0,-1,0,-1,-1,0,mabfkcddcdlffnan.website /,33,1,-1,-1,0,0,0,0
291,-1,0,0,0,0,0,0,0,-1,0,1,23,0,-1,0,0,1,1.0,0,0,0,0,2,0,0,0,0,0,0,1,1,0.0,-1.0,0.0,-1,0.0,-1,0,0,-1,0,-1,-1,0,eddmbbbamaobffak.co.uk /,31,1,-1,-1,0,0,0,0
292,-1,0,0,0,0,0,0,0,-1,0,1,21,0,-1,0,0,1,1.0,0,0,0,0,1,0,0,0,0,0,0,1,1,0.0,-1.0,0.0,-1,0.0,-1,0,0,-1,0,-1,-1,0,mfadbefoobcanfde.com /,29,1,-1,-1,0,0,0,0
293,-1,0,0,0,0,0,0,0,-1,0,1,22,0,-1,0,0,1,1.0,0,0,0,0,1,0,0,0,0,0,0,1,1,0.0,-1.0,0.0,-1,0.0,-1,0,0,-1,0,-1,-1,0,ccknfakabdffffed.info /,30,1,-1,-1,0,0,0,0
294,-1,0,0,0,0,0,0,0,-1,0,1,24,0,-1,0,0,1,1.0,0,0,0,0,1,0,0,0,0,0,0,1,1,0.0,-1.0,0.0,-1,0.0,-1,0,0,-1,0,-1,-1,0,bamblnlbddadalma.online /,32,1,-1,-1,0,0,0,0
295,-1,0,0,0,0,0,0,0,-1,0,1,21,0,-1,0,0,1,1.0,0,0,0,0,1,0,0,0,0,0,0,1,1,0.0,-1.0,0.0,-1,0.0,-1,0,0,-1,0,-1,-1,0,lbbcdfdcfocfckne.com /,29,1,-1,-1,0,0,0,0
296,-1,0,0,0,0,0,0,0,-1,0,1,20,0,-1,0,0,1,1.0,0,0,0,0,1,0,0,0,0,0,0,1,1,0.0,-1.0,0.0,-1,0.0,-1,0,0,-1,0,-1,-1,0,afccmdabcnoaocnk.co /,28,1,-1,-1,0,0,0,0
297,-1,0,0,0,0,0,0,0,-1,0,1,23,0,-1,0,0,1,1.0,0,0,0,0,1,0,0,0,0,0,0,1,1,0.0,-1.0,0.0,-1,0.0,-1,0,0,-1,0,-1,-1,0,fbeblcffncndobab.org /,31,1,-1,-1,0,0,0,0
298,-1,0,0,0,0,0,0,0,-1,0,1,21,0,-1,0,0,1,1.0,0,0,0,0,2,0,0,0,0,0,0,1,1,0.0,-1.0,0.0,-1,0.0,-1,0,0,-1,0,-1,-1,0,fekbecdkbomndlad.co.uk /,29,1,-1,-1,0,0,0,0
299,-1,0,0,0,0,0,0,0,-1,0,1,24,0,-1,0,0,1,1.0,0,0,0,0,1,0,0,0,0,0,0,1,1,0.0,-1.0,0.0,-1,0.0,-1,0,0,-1,0,-1,-1,0,mballkcnkdmlbffk.online /,32,1,-1,-1,0,0,0,0
300,-1,0,0,0,0,0,0,0,-1,0,1,21,0,-1,0,0,1,1.0,0,0,0,0,1,0,0,0,0,0,0,1,1,0.0,-1.0,0.0,-1,0.0,-1,0,0,-1,0,-1,-1,0,eafffobofkbffacd.org /,29,1,-1,-1,0,0,0,0
301,-1,0,0,0,0,0,0,0,-1,0,1,20,0,-1,0,0,1,1.0,0,0,0,0,1,0,0,0,0,0,0,1,1,0.0,-1.0,0.0,-1,0.0,-1,0,0,-1,0,-1,-1,0,omdacfababafbabk.net/,28,1,-1,-1,0,0,0,0
302,-1,0,0,0,0,0,0,0,-1,0,1,22,0,-1,0,0,1,1.0,0,0,0,0,1,0,0,0,0,0,0,1,1,0.0,-1.0,0.0,-1,0.0,-1,0,0,-1,0,-1,-1,0,fldfcmdcmckccccc.info /,30,1,-1,-1,0,0,0,0
303,-1,0,0,0,0,0,0,0,-1,0,1,20,0,-1,0,0,1,1.0,0,0,0,0,1,0,0,0,0,0,0,1,1,0.0,-1.0,0.0,-1,0.0,-1,0,0,-1,0,-1,-1,0,bbdclfmmobfancdn.cc /,28,1,-1,-1,0,0,0,0
304,-1,0,0,0,1,0,1,0,-1,0,1,14,0,-1,0,1,1,1.0,1,0,0,0,3,0,1,0,1,0,0,16,2,0.0,-1.0,0.0,-1,0.0,-1,9,0,-1,1,0,-1,0,sap.misapor.ch/vishop/view.jsp?pagenum=1,48,1,-1,-1,0,0,0,0
305,-1,0,0,0,0,0,0,0,-1,0,1,21,0,-1,0,0,1,1.0,0,0,0,0,1,0,0,0,0,0,0,1,1,0.0,-1.0,0.0,-1,0.0,-1,0,0,-1,0,-1,-1,0,cadbmbnaocdedlko.com /,29,1,-1,-1,0,0,0,0
306,-1,0,0,0,0,0,0,0,-1,0,1,21,0,-1,0,0,1,1.0,0,0,0,0,1,0,0,0,0,0,0,1,1,0.0,-1.0,0.0,-1,0.0,-1,0,0,-1,0,-1,-1,0,aelbannnlnbbcffl.com /,29,1,-1,-1,0,0,0,0
307,-1,0,0,0,0,0,0,0,-1,0,1,21,0,-1,0,0,1,1.0,0,0,0,0,1,0,0,0,0,0,0,1,1,0.0,-1.0,0.0,-1,0.0,-1,0,0,-1,0,-1,-1,0,cfmelolbbfcnemmb.com /,29,1,-1,-1,0,0,0,0
308,-1,0,0,0,0,0,0,0,-1,0,1,21,0,-1,0,0,1,1.0,0,0,0,0,1,0,0,0,0,0,0,1,1,0.0,-1.0,0.0,-1,0.0,-1,0,0,-1,0,-1,-1,0,kbflklncbnmfnbda.com /,29,1,-1,-1,0,0,0,0
309,-1,0,0,0,0,0,0,0,-1,0,1,21,0,-1,0,0,1,1.0,0,0,0,0,1,0,0,0,0,0,0,1,1,0.0,-1.0,0.0,-1,0.0,-1,0,0,-1,0,-1,-1,0,nonfckfaeebkbkmn.org /,29,1,-1,-1,0,0,0,0
310,-1,0,0,0,0,0,0,0,-1,0,1,20,0,-1,0,0,1,1.0,0,0,0,0,1,0,0,0,0,0,0,1,1,0.0,-1.0,0.0,-1,0.0,-1,0,0,-1,0,-1,-1,0,fcbecfdlfokddfbc.cc /,28,1,-1,-1,0,0,0,0
311,-1,0,0,0,0,0,0,0,-1,0,1,22,0,-1,0,0,1,1.0,0,0,0,0,1,0,0,0,0,0,0,1,1,0.0,-1.0,0.0,-1,0.0,-1,0,0,-1,0,-1,-1,0,kccnmafkakcacckk.info /,30,1,-1,-1,0,0,0,0
312,-1,0,0,0,0,0,0,0,-1,0,1,22,0,-1,0,0,1,1.0,0,0,0,0,1,0,0,0,0,0,0,1,1,0.0,-1.0,0.0,-1,0.0,-1,0,0,-1,0,-1,-1,0,bdnanaccfbabmnae.info /,30,1,-1,-1,0,0,0,0
313,-1,0,0,0,0,0,0,0,-1,0,1,20,0,-1,0,0,1,1.0,0,0,0,0,1,0,0,0,0,0,0,1,1,0.0,-1.0,0.0,-1,0.0,-1,0,0,-1,0,-1,-1,0,aebdfdkkocodbabo.de /,28,1,-1,-1,0,0,0,0
314,-1,0,0,0,0,0,0,0,-1,0,1,24,0,-1,0,0,1,1.0,0,0,0,0,1,0,0,0,0,0,0,1,1,0.0,-1.0,0.0,-1,0.0,-1,0,0,-1,0,-1,-1,0,delfbklnmaabcfdf.online /,32,1,-1,-1,0,0,0,0
315,-1,0,0,0,0,0,0,0,-1,0,1,11,0,-1,0,0,1,1.0,0,0,0,0,2,0,0,0,0,1,0,25,3,0.0,-1.0,0.0,-1,0.0,-1,0,0,-1,0,-1,-1,0,oxylala.gdn/charly/panelnew/gate.php,43,1,-1,-1,0,0,0,0
316,-1,0,0,0,0,0,0,0,-1,0,1,20,0,-1,0,0,1,1.0,0,0,0,0,1,0,0,0,0,0,0,1,1,0.0,-1.0,0.0,-1,0.0,-1,0,0,-1,0,-1,-1,0,ofamfdkfdnaeccbb.tk /,28,1,-1,-1,0,0,0,0
317,-1,0,0,0,0,0,0,0,-1,0,1,25,0,-1,0,0,1,1.0,0,0,0,0,1,0,0,0,0,0,0,1,1,0.0,-1.0,0.0,-1,0.0,-1,0,0,-1,0,-1,-1,0,kodccemfldndfcfn.website /,33,1,-1,-1,0,0,0,0
318,-1,0,0,0,0,0,0,0,-1,0,1,21,0,-1,0,0,1,1.0,0,0,0,0,1,0,0,0,0,0,0,1,1,0.0,-1.0,0.0,-1,0.0,-1,0,0,-1,0,-1,-1,0,odddmofbklffkokd.net /,29,1,-1,-1,0,0,0,0
319,-1,0,0,0,0,0,0,0,-1,0,1,25,0,-1,0,0,1,1.0,0,0,0,0,1,0,0,0,0,0,0,1,1,0.0,-1.0,0.0,-1,0.0,-1,0,0,-1,0,-1,-1,0,dedlblodekfcoaff.website /,33,1,-1,-1,0,0,0,0
320,-1,0,0,0,0,0,0,0,-1,0,1,20,0,-1,0,0,1,1.0,0,0,0,0,1,0,0,0,0,0,0,1,1,0.0,-1.0,0.0,-1,0.0,-1,0,0,-1,0,-1,-1,0,bffebmbmmffabadd.cc /,28,1,-1,-1,0,0,0,0
321,-1,0,0,0,0,0,0,0,-1,0,1,11,0,-1,0,0,1,1.0,0,0,0,0,2,0,0,0,0,1,0,24,3,0.0,-1.0,0.0,-1,0.0,-1,0,0,-1,0,-1,-1,0,oxylala.gdn/emeka/panelnew/gate.php,42,1,-1,-1,0,0,0,0
322,-1,0,0,0,0,0,0,0,-1,0,1,21,0,-1,0,0,1,1.0,0,0,0,0,1,0,0,0,0,0,0,1,1,0.0,-1.0,0.0,-1,0.0,-1,0,0,-1,0,-1,-1,0,oacbckdcndddcode.net /,29,1,-1,-1,0,0,0,0
323,-1,0,0,0,0,0,0,0,-1,0,1,22,0,-1,0,0,1,1.0,0,0,0,0,1,0,0,0,0,0,0,1,1,0.0,-1.0,0.0,-1,0.0,-1,0,0,-1,0,-1,-1,0,akkecbdbaecbamab.info /,30,1,-1,-1,0,0,0,0
324,-1,0,0,0,0,0,0,0,-1,0,1,21,0,-1,0,0,1,1.0,0,0,0,0,1,0,0,0,0,0,0,1,1,0.0,-1.0,0.0,-1,0.0,-1,0,0,-1,0,-1,-1,0,cddcaflfdfcaekob.org /,29,1,-1,-1,0,0,0,0
325,-1,0,0,0,0,0,0,0,-1,0,1,25,0,-1,0,0,1,1.0,0,0,0,0,1,0,0,0,0,0,0,1,1,0.0,-1.0,0.0,-1,0.0,-1,0,0,-1,0,-1,-1,0,keccalblnmafabfa.website /,33,1,-1,-1,0,0,0,0
326,-1,0,0,0,0,0,0,0,-1,0,1,25,0,-1,0,0,1,1.0,0,0,0,0,1,0,0,0,0,0,0,1,1,0.0,-1.0,0.0,-1,0.0,-1,0,0,-1,0,-1,-1,0,bmakmcedbckadkal.website /,33,1,-1,-1,0,0,0,0
327,-1,0,0,0,0,0,0,0,-1,0,1,23,0,-1,0,0,1,1.0,0,0,0,0,2,0,0,0,0,0,0,1,1,0.0,-1.0,0.0,-1,0.0,-1,0,0,-1,0,-1,-1,0,bafceeacafammdlb.co.uk /,31,1,-1,-1,0,0,0,0
328,-1,0,0,0,0,0,0,0,-1,0,1,21,0,-1,0,0,1,1.0,0,0,0,0,1,0,0,0,0,0,0,1,1,0.0,-1.0,0.0,-1,0.0,-1,0,0,-1,0,-1,-1,0,faealbefbceckakf.net /,29,1,-1,-1,0,0,0,0
329,-1,0,0,0,0,0,0,0,-1,0,1,25,0,-1,0,0,1,1.0,0,0,0,0,1,0,0,0,0,0,0,1,1,0.0,-1.0,0.0,-1,0.0,-1,0,0,-1,0,-1,-1,0,ladcmbafanmcbecd.website /,33,1,-1,-1,0,0,0,0
330,-1,0,0,0,0,0,0,0,-1,0,1,25,0,-1,0,0,1,1.0,0,0,0,0,1,0,0,0,0,0,0,1,1,0.0,-1.0,0.0,-1,0.0,-1,0,0,-1,0,-1,-1,0,bbkknaabfaoaccmd.website /,33,1,-1,-1,0,0,0,0
331,-1,0,0,0,0,0,0,0,-1,0,1,22,0,-1,0,0,1,1.0,0,0,0,0,1,0,0,0,0,0,0,1,1,0.0,-1.0,0.0,-1,0.0,-1,0,0,-1,0,-1,-1,0,fcnbencocmafaaod.info /,30,1,-1,-1,0,0,0,0
332,-1,0,0,0,0,0,0,0,-1,0,1,22,0,-1,0,0,1,1.0,0,0,0,0,1,0,0,0,0,0,0,1,1,0.0,-1.0,0.0,-1,0.0,-1,0,0,-1,0,-1,-1,0,nffcfmdceanedkfn.info /,30,1,-1,-1,0,0,0,0
333,-1,0,0,0,0,0,0,0,-1,0,1,25,0,-1,0,0,1,1.0,0,0,0,0,1,0,0,0,0,0,0,1,1,0.0,-1.0,0.0,-1,0.0,-1,0,0,-1,0,-1,-1,0,mkfckbolcbafldmf.website /,33,1,-1,-1,0,0,0,0
334,-1,0,0,0,1,0,1,0,-1,0,1,27,0,-1,0,0,1,1.0,0,0,0,0,2,0,1,0,0,1,0,1,1,0.0,-1.0,0.0,-1,0.0,-1,0,0,-1,1,0,-1,0,padcrympj5rvgwed.onion.link/,35,1,1,1,0,0,0,0
335,-1,0,0,0,0,0,0,0,-1,0,1,25,0,-1,0,0,1,1.0,0,0,0,0,1,0,0,0,0,0,0,1,1,0.0,-1.0,0.0,-1,0.0,-1,0,0,-1,0,-1,-1,0,mnaeekbandcfkffm.website /,33,1,-1,-1,0,0,0,0
336,-1,0,0,0,0,0,0,0,-1,0,1,25,0,-1,0,0,1,1.0,0,0,0,0,1,0,0,0,0,0,0,1,1,0.0,-1.0,0.0,-1,0.0,-1,0,0,-1,0,-1,-1,0,eccbkcelfklakdfl.website /,33,1,-1,-1,0,0,0,0
337,-1,0,0,0,0,0,0,0,-1,0,1,21,0,-1,0,0,1,1.0,0,0,0,0,1,0,0,0,0,0,0,1,1,0.0,-1.0,0.0,-1,0.0,-1,0,0,-1,0,-1,-1,0,cfafnamacdoakbaf.com /,29,1,-1,-1,0,0,0,0
338,-1,0,0,0,0,0,0,0,-1,0,1,24,0,-1,0,0,1,1.0,0,0,0,0,1,0,0,0,0,0,0,1,1,0.0,-1.0,0.0,-1,0.0,-1,0,0,-1,0,-1,-1,0,nofkfnfdmaklfdlb.online /,32,1,-1,-1,0,0,0,0
339,-1,0,0,0,0,0,0,0,-1,0,1,25,0,-1,0,0,1,1.0,0,0,0,0,1,0,0,0,0,0,0,1,1,0.0,-1.0,0.0,-1,0.0,-1,0,0,-1,0,-1,-1,0,dlbceacdbadoeaaa.website /,33,1,-1,-1,0,0,0,0
340,-1,0,0,0,0,0,1,0,-1,0,1,8,0,-1,0,0,1,1.0,0,0,0,0,2,0,0,0,0,1,0,25,3,0.0,-1.0,0.0,-1,0.0,-1,0,0,-1,0,-1,-1,0,kimki.ru/nelson/panelnew/gate.php,40,1,-1,-1,0,0,0,0
341,-1,0,0,0,0,0,1,0,-1,0,1,8,0,-1,0,0,1,1.0,0,0,0,0,2,0,0,0,0,1,0,26,3,0.0,-1.0,0.0,-1,0.0,-1,0,0,-1,0,-1,-1,0,Kimki.ru/chamber/panelnew/gate.php,41,1,-1,-1,0,0,0,0
342,-1,0,0,0,0,0,0,0,-1,0,1,21,0,-1,0,0,1,1.0,0,0,0,0,1,0,0,0,0,0,0,1,1,0.0,-1.0,0.0,-1,0.0,-1,0,0,-1,0,-1,-1,0,fmonlfmffnoalbdm.org /,29,1,-1,-1,0,0,0,0
343,-1,0,1,0,0,0,0,0,-1,0,1,11,0,-1,0,1,1,1.0,0,0,1,0,2,0,0,0,0,1,0,24,3,0.0,-1.0,0.0,-1,0.0,-1,0,0,-1,0,-1,-1,0,soligro.com/wp-includes/pomo/db.php,42,1,-1,-1,0,0,0,0
344,-1,0,0,0,0,0,0,0,-1,0,1,24,0,-1,0,0,1,1.0,0,0,0,0,1,0,0,0,0,0,0,1,1,0.0,-1.0,0.0,-1,0.0,-1,0,0,-1,0,-1,-1,0,bkaadddmnmdfanan.online /,32,1,-1,-1,0,0,0,0
345,-1,0,0,0,0,0,0,0,-1,0,1,24,0,-1,0,0,1,1.0,0,0,0,0,1,0,0,0,0,0,0,1,1,0.0,-1.0,0.0,-1,0.0,-1,0,0,-1,0,-1,-1,0,ddlklbfcfcobdnfl.online /,32,1,-1,-1,0,0,0,0
346,-1,0,0,0,0,0,0,0,-1,0,1,24,0,-1,0,0,1,1.0,0,0,0,0,1,0,0,0,0,0,0,1,1,0.0,-1.0,0.0,-1,0.0,-1,0,0,-1,0,-1,-1,0,mdacnaabcbneabbb.online /,32,1,-1,-1,0,0,0,0
347,-1,0,0,0,0,0,0,0,-1,0,1,24,0,-1,0,0,1,1.0,0,0,0,0,1,0,0,0,0,0,0,1,1,0.0,-1.0,0.0,-1,0.0,-1,0,0,-1,0,-1,-1,0,aaekcmfldkbalcab.online /,32,1,-1,-1,0,0,0,0
348,-1,0,0,0,0,0,0,0,-1,0,1,17,0,-1,0,0,1,1.0,0,0,0,0,4,0,1,0,1,1,0,9,1,0.0,-1.0,0.0,-1,0.0,-1,7,0,-1,1,0,-1,0,www.doorasope.top/read.php?f=1.gif,41,1,-1,-1,0,0,0,0
349,-1,0,0,0,0,0,1,0,-1,0,1,16,0,-1,0,1,1,1.0,1,0,1,1,3,0,0,0,0,0,0,27,3,0.0,-1.0,0.0,-1,0.0,-1,0,0,-1,1,0,-1,0,www.eye-watch.in/design/fancybox/Pnf.action,51,1,-1,-1,0,0,0,0
350,-1,0,0,0,0,0,1,0,-1,0,1,16,0,-1,0,1,1,1.0,1,0,1,1,3,0,0,0,0,0,0,27,3,0.0,-1.0,0.0,-1,0.0,-1,0,0,-1,1,0,-1,0,www.eye-watch.in/design/fancybox/Pnf.action,51,1,-1,-1,0,0,0,0
351,-1,0,0,0,0,0,0,0,-1,0,1,16,0,-1,0,0,1,1.0,0,0,1,1,1,0,0,0,0,0,0,6,2,0.0,-1.0,0.0,-1,0.0,-1,0,0,-1,0,-1,-1,0,app-facabook.com/apps/,29,1,-1,-1,0,0,0,0
352,-1,0,0,0,0,0,0,0,-1,0,1,21,0,-1,0,0,1,1.0,0,0,0,0,1,0,0,0,0,0,0,1,1,0.0,-1.0,0.0,-1,0.0,-1,0,0,-1,0,-1,-1,0,clakkbocadnffbnf.com /,29,1,-1,-1,0,0,0,0
353,-1,0,0,0,0,0,0,0,-1,0,1,20,0,-1,0,0,1,1.0,0,0,1,1,2,0,4,0,0,0,0,8,1,0.0,-1.0,0.0,-1,0.0,-1,0,0,-1,0,-1,-1,0,app-facebook2017.com/ck.html,35,1,-1,-1,0,0,0,0
354,-1,0,0,0,0,0,0,0,-1,0,1,20,0,-1,0,0,1,1.0,0,0,1,1,2,0,4,0,0,0,0,8,1,0.0,-1.0,0.0,-1,0.0,-1,0,0,-1,0,-1,-1,0,app-facebook2017.com/ta.html,35,1,-1,-1,0,0,0,0
355,-1,0,0,0,0,0,0,0,-1,0,1,18,0,-1,0,0,1,1.0,0,0,0,0,2,0,0,0,0,1,0,11,1,0.0,-1.0,0.0,-1,0.0,-1,0,0,-1,0,-1,-1,0,unitystydiying.top/search.php,36,1,-1,-1,0,0,0,0
356,-1,0,0,0,0,0,0,0,-1,0,1,16,0,-1,0,0,1,1.0,0,0,1,1,1,0,0,0,0,0,0,9,2,0.0,-1.0,0.0,-1,0.0,-1,0,0,-1,0,-1,-1,0,app-facabook.com/appshot/,32,1,-1,-1,0,0,0,0
357,-1,0,0,0,0,0,0,0,-1,0,1,20,0,-1,0,0,1,1.0,0,0,1,1,1,0,4,0,0,0,0,8,2,0.0,-1.0,0.0,-1,0.0,-1,0,0,-1,0,-1,-1,0,app-facebook2017.com/videos/,35,1,-1,-1,0,0,0,0
358,-1,0,0,0,0,0,0,0,-1,0,1,20,0,-1,0,0,1,1.0,0,0,0,0,1,0,0,0,0,0,0,1,1,0.0,-1.0,0.0,-1,0.0,-1,0,0,-1,0,-1,-1,0,noafodmdbkdcknfo.ga /,28,1,-1,-1,0,0,0,0
359,-1,0,0,0,0,0,0,0,-1,0,1,20,0,-1,0,0,1,1.0,0,0,1,0,1,0,0,0,0,0,0,1,1,0.0,-1.0,0.0,-1,0.0,-1,0,0,-1,0,-1,-1,0,bfbcebcanffdcbkn.ga /,28,1,-1,-1,0,0,0,0
360,-1,0,0,0,0,0,0,0,-1,0,1,16,0,-1,0,0,1,1.0,0,0,0,1,2,0,0,0,0,0,0,8,1,0.0,-1.0,0.0,-1,0.0,-1,0,0,-1,0,-1,-1,0,app-facabook.com/ck.html,31,1,-1,-1,0,0,0,0
361,-1,0,0,0,0,0,0,0,-1,0,1,20,0,-1,0,0,1,1.0,0,0,1,1,1,0,4,0,0,0,0,5,2,0.0,-1.0,0.0,-1,0.0,-1,0,0,-1,0,-1,-1,0,app-facebook2017.com/new/,32,1,-1,-1,0,0,0,0
362,-1,0,0,0,0,0,0,0,-1,0,1,27,0,-1,0,0,1,1.0,0,0,0,0,2,0,6,0,0,0,0,1,1,0.0,-1.0,0.0,-1,0.0,-1,0,0,-1,1,0,-1,0,p27dokhpz2n7nvgr.1b3qjy.top/,35,1,-1,-1,0,0,0,0
363,-1,0,0,0,0,0,0,0,-1,0,1,21,0,-1,0,0,1,1.0,0,0,0,0,1,0,0,0,0,0,0,1,1,0.0,-1.0,0.0,-1,0.0,-1,0,0,-1,0,-1,-1,0,ofmfffabbnbcledd.org /,29,1,-1,-1,0,0,0,0
364,-1,0,0,0,0,0,0,0,-1,0,1,21,0,-1,0,0,1,1.0,0,0,0,0,1,0,0,0,0,0,0,1,1,0.0,-1.0,0.0,-1,0.0,-1,0,0,-1,0,-1,-1,0,ckkonmbocdbckfca.com /,29,1,-1,-1,0,0,0,0
365,1,0,0,0,0,0,1,1,0,0,0,25,0,1,0,1,1,0.0,0,0,0,0,3,0,0,0,0,1,1,18,2,1.0,0.0,1.0,1,0.0,-1,0,0,-1,0,-1,1,0,cherishtreeservices.co.uk/cgi_bin/index.php,50,1,-1,-1,0,0,0,0
366,-1,0,0,0,0,0,0,0,-1,0,1,23,0,-1,0,0,1,1.0,0,0,0,0,2,0,0,0,0,0,0,1,1,0.0,-1.0,0.0,-1,0.0,-1,0,0,-1,0,-1,-1,0,acafbalfmfakaoef.co.uk /,31,1,-1,-1,0,0,0,0
367,-1,0,0,0,0,0,0,0,-1,0,1,21,0,-1,0,0,1,1.0,0,0,0,0,1,0,0,0,0,0,0,1,1,0.0,-1.0,0.0,-1,0.0,-1,0,0,-1,0,-1,-1,0,amcabcfokcafmlal.com /,29,1,-1,-1,0,0,0,0
368,-1,0,0,0,0,0,0,0,-1,0,1,13,0,-1,0,0,1,1.0,0,0,0,0,2,0,0,0,0,1,0,21,3,0.0,-1.0,0.0,-1,0.0,-1,0,0,-1,0,-1,-1,0,dataplues.com/quincy/pony/gate.php,41,1,-1,-1,0,0,0,0
369,-1,0,0,0,0,0,0,0,-1,0,1,21,0,-1,0,0,1,1.0,0,0,0,0,1,0,0,0,0,0,0,1,1,0.0,-1.0,0.0,-1,0.0,-1,0,0,-1,0,-1,-1,0,oekadmbkdcmenbda.com /,29,1,-1,-1,0,0,0,0
370,-1,0,0,0,0,0,0,0,-1,0,1,21,0,-1,0,0,1,1.0,0,0,0,0,1,0,0,0,0,0,0,1,1,0.0,-1.0,0.0,-1,0.0,-1,0,0,-1,0,-1,-1,0,bfcbcdfmdmedmckb.com /,29,1,-1,-1,0,0,0,0
371,-1,0,0,0,0,0,0,0,-1,0,1,17,0,-1,0,0,1,1.0,0,2,0,0,1,0,12,0,3,0,0,1,1,0.0,-1.0,0.0,-1,0.0,-1,23,0,-1,0,-1,-1,0,rapiseebrains.com/?a=401336&c=cpc&s=050217,49,1,-1,-1,0,0,0,0
372,-1,0,0,0,0,0,0,0,-1,0,1,21,0,-1,0,0,1,1.0,0,0,0,0,1,0,0,0,0,0,0,1,1,0.0,-1.0,0.0,-1,0.0,-1,0,0,-1,0,-1,-1,0,ocmdakofbmcboofn.com /,29,1,-1,-1,0,0,0,0
373,-1,0,0,0,0,0,0,0,-1,0,1,20,0,-1,0,0,1,1.0,0,0,0,0,1,0,0,0,0,0,0,1,1,0.0,-1.0,0.0,-1,0.0,-1,0,0,-1,0,-1,-1,0,klldnacbalobemdc.de /,28,1,-1,-1,0,0,0,0
374,-1,0,0,0,0,0,0,0,-1,0,1,20,0,-1,0,0,1,1.0,0,0,0,0,1,0,0,0,0,0,0,1,1,0.0,-1.0,0.0,-1,0.0,-1,0,0,-1,0,-1,-1,0,dkdlnbcfokbebflc.co /,28,1,-1,-1,0,0,0,0
375,-1,0,0,0,0,0,0,0,-1,0,1,20,0,-1,0,0,1,1.0,0,0,0,0,1,0,0,0,0,0,0,1,1,0.0,-1.0,0.0,-1,0.0,-1,0,0,-1,0,-1,-1,0,alalmlanamcodoof.co /,28,1,-1,-1,0,0,0,0
376,-1,0,0,0,0,0,0,0,-1,0,1,21,0,-1,0,0,1,1.0,0,0,0,0,1,0,0,0,0,0,0,1,1,0.0,-1.0,0.0,-1,0.0,-1,0,0,-1,0,-1,-1,0,kbdacfcdfcadcnbb.com /,29,1,-1,-1,0,0,0,0
377,-1,0,0,0,0,0,0,0,-1,0,1,21,0,-1,0,0,1,1.0,0,0,0,0,1,0,0,0,0,0,0,1,1,0.0,-1.0,0.0,-1,0.0,-1,0,0,-1,0,-1,-1,0,cmekeolemkacbofo.com /,29,1,-1,-1,0,0,0,0
378,-1,0,0,0,0,0,0,0,-1,0,1,20,0,-1,0,0,1,1.0,0,0,0,0,1,0,0,0,0,0,0,1,1,0.0,-1.0,0.0,-1,0.0,-1,0,0,-1,0,-1,-1,0,momdabaelmkfolko.cc /,28,1,-1,-1,0,0,0,0
379,-1,0,0,0,0,0,0,0,-1,0,1,22,0,-1,0,0,1,1.0,0,0,0,0,1,0,0,0,0,0,0,1,1,0.0,-1.0,0.0,-1,0.0,-1,0,0,-1,0,-1,-1,0,ocalcoobalcfaclm.info /,30,1,-1,-1,0,0,0,0
380,-1,0,0,0,0,0,0,0,-1,0,1,21,0,-1,0,0,1,1.0,0,0,0,0,1,0,0,0,0,0,0,1,1,0.0,-1.0,0.0,-1,0.0,-1,0,0,-1,0,-1,-1,0,fencnnccaaoacadb.org /,29,1,-1,-1,0,0,0,0
381,-1,0,0,0,0,0,0,0,-1,0,1,20,0,-1,0,0,1,1.0,0,0,0,0,1,0,0,0,0,0,0,1,1,0.0,-1.0,0.0,-1,0.0,-1,0,0,-1,0,-1,-1,0,amdooblcfcbdkmck.co /,28,1,-1,-1,0,0,0,0
382,1,0,1,0,0,0,0,1,1,0,1,11,0,1,0,1,1,0.0,0,0,1,0,2,0,0,0,0,0,0,30,3,1.0,1.0,1.0,1,1.0,-1,0,0,-1,0,-1,1,0,defibel.org/wp-includes/images/index.html,48,1,-1,-1,0,0,0,0
383,-1,0,0,0,0,0,0,0,-1,0,1,21,0,-1,0,0,1,1.0,0,0,0,0,1,0,0,0,0,0,0,1,1,0.0,-1.0,0.0,-1,0.0,-1,0,0,-1,0,-1,-1,0,edafbdcemfeccakm.com /,29,1,-1,-1,0,0,0,0
384,-1,0,0,0,0,0,0,0,-1,0,1,20,0,-1,0,0,1,1.0,0,0,0,0,1,0,0,0,0,0,0,1,1,0.0,-1.0,0.0,-1,0.0,-1,0,0,-1,0,-1,-1,0,dkdnkbnkdaedbfla.cc /,28,1,-1,-1,0,0,0,0
385,-1,0,0,0,0,0,0,0,-1,0,1,29,0,-1,0,0,1,1.0,0,6,0,0,6,0,51,0,7,0,4,1,1,0.0,-1.0,0.0,-1,0.0,-1,236,0,-1,1,0,-1,0,rty.freebiesfortheover60s.com/?biw=Amaya.102tw62.406q9y3a1&amp;q=z3zQMvXcJwDQDoTHMvrESLtEMU_OG0KK2OH_783VCZj9JHT1vvHPRAP1tgW&amp;ct=Amaya&amp;oq=CegvU9vd4LLMDPwawhRfTegEwyIwMUVhB8a2t2BfdwBWV1J6C_iW9UU4HupE&amp;br_fl=5879&amp;yus=Amaya.115pr106.406p1u8y4&amp;tuif=3264,274,-1,-1,-1,0,0,0,0
386,-1,0,1,0,0,0,0,0,-1,0,1,11,0,-1,0,1,1,1.0,0,0,0,0,2,0,0,0,0,0,0,8,1,0.0,-1.0,0.0,-1,0.0,-1,0,0,-1,0,-1,-1,0,aadroid.net/sys.olk,26,1,-1,-1,0,0,0,0
387,-1,0,0,0,0,0,0,0,-1,0,1,20,0,-1,0,0,1,1.0,0,0,0,0,1,0,0,0,0,0,0,1,1,0.0,-1.0,0.0,-1,0.0,-1,0,0,-1,0,-1,-1,0,bfkkffkckaflfona.tk /,28,1,-1,-1,0,0,0,0
388,-1,0,1,0,0,0,0,0,-1,0,1,20,0,-1,0,0,1,1.0,0,6,3,1,6,0,48,0,7,0,3,1,1,0.0,-1.0,0.0,-1,0.0,-1,247,0,-1,1,0,-1,0,asc.avalon-asics.com/?q=wHzQMvXcJwDNFYbGMvrER6NbNknQA0aPxpH2_drWdZqxKGni1-b5UUSk6FSCEh3h_&amp;biw=Amaya.75du116.406o9b5z6&amp;yus=Amaya.110bj111.406y4p6k5&amp;tuif=6005&amp;oq=Pskf7YDPVKwihHUKQBhz4tUVFwSpv2t2ECHmB-ahZKHrheKaQN195CWFrc86B6ymQ&amp;br_fl=1675&amp;ct=Amaya,276,-1,-1,-1,0,0,0,0
389,-1,0,1,0,0,0,0,0,-1,0,1,20,0,-1,0,0,1,1.0,0,6,3,1,6,0,45,0,7,0,3,1,1,0.0,-1.0,0.0,-1,0.0,-1,243,0,-1,1,0,-1,0,asc.avalon-asics.com/?yus=Amaya.129zf113.406f3t9r3&amp;br_fl=3183&amp;q=wHbQMvXcJwDGFYbGMvrETKNbNknQA0ePxpH2_drZdZqxKGni1ub5UUSk6F-CEh3&amp;biw=Amaya.103fb69.406b1b9z6&amp;oq=h_Psof7YDPVKwjhHUKQBhz4dUVFwSpv2o2ECHmB-aiZKHrheKaQ91z6LRVvQy2w&amp;tuif=1807&amp;ct=Amaya,272,-1,-1,-1,0,0,0,0
390,-1,0,1,0,0,0,0,0,-1,0,1,20,0,-1,0,0,1,1.0,0,6,3,1,6,0,46,0,7,0,4,1,1,0.0,-1.0,0.0,-1,0.0,-1,229,0,-1,1,0,-1,0,asc.avalon-asics.com/?oq=gWCelTZp_d-L7IBbFe130CAKANomohcAw5F9vuo30jTzBPPgpCK-iW9UQ&amp;ct=Amaya&amp;q=z3jQMvXcJwDQDoTHMvrESLtEMU_OHEKK2OH_783VCZ79JHT1vvHPRAPyt&amp;br_fl=2365&amp;yus=Amaya.87ru60.406n7y1l1&amp;tuif=2206&amp;biw=Amaya.120jw80.406f5q5w9,258,-1,-1,-1,0,0,0,0
391,-1,0,0,0,0,0,0,0,-1,0,1,23,0,-1,0,0,1,1.0,0,0,0,0,2,0,0,0,0,0,0,1,1,0.0,-1.0,0.0,-1,0.0,-1,0,0,-1,0,-1,-1,0,dfoabbcbnkelbeef.co.uk /,31,1,-1,-1,0,0,0,0
392,-1,0,0,0,0,0,0,0,-1,0,1,20,0,-1,0,0,1,1.0,0,0,0,0,1,0,0,0,0,0,0,1,1,0.0,-1.0,0.0,-1,0.0,-1,0,0,-1,0,-1,-1,0,lakcbafkbkcdcdfo.de /,28,1,-1,-1,0,0,0,0
393,1,0,1,0,0,0,0,1,1,0,1,34,0,-1,0,1,1,0.0,0,6,3,0,6,0,43,0,7,0,5,1,1,100.0,1.0,1.0,1,1.0,-1,249,0,-1,1,0,-1,0,find.burnsmarketingandresearch.com/?br_fl=6042&amp;ct=Vivaldi&amp;yus=Vivaldi.77ey90.406w0t2q7&amp;biw=Vivaldi.109su65.406l8i0v4&amp;tuif=5888&amp;oq=xfZ_LrZSbAO1jUWFKQ1nm4hbW1sb9qn9h0nUzBCe0ZbW-B2MZA5CrqKlJLd_mhj2&amp;q=w3_QMvXcJxfQFYbGMvLDSKNbNkvWHViPxoiG9MildZ-qZGX_k7HDfF-qoVncCgWR,292,-1,-1,-1,0,0,0,0
394,-1,0,0,0,0,0,0,0,-1,0,1,21,0,-1,0,0,1,1.0,0,0,0,0,1,0,0,0,0,0,0,1,1,0.0,-1.0,0.0,-1,0.0,-1,0,0,-1,0,-1,-1,0,ldecodelnncmbccb.com /,29,1,-1,-1,0,0,0,0
395,-1,0,0,0,0,0,0,0,-1,0,1,16,0,-1,0,1,1,1.0,0,0,6,0,2,0,0,0,0,1,0,57,3,0.0,-1.0,0.0,-1,0.0,-1,0,0,-1,0,-1,-1,0,belcollegium.org/wp-admin/includes/class-wp-upload-plugins-list-table.php,80,-1,-1,-1,0,0,0,0
396,-1,0,0,0,0,0,0,0,-1,0,1,16,0,-1,0,0,1,1.0,0,0,1,1,1,0,0,0,0,0,0,8,2,0.0,-1.0,0.0,-1,0.0,-1,0,0,-1,0,-1,-1,0,app-facabook.com/videos/,31,1,-1,-1,0,0,0,0
397,-1,0,0,0,0,0,0,0,-1,0,1,17,0,-1,0,0,1,1.0,0,0,1,1,1,0,0,0,0,0,0,1,1,0.0,-1.0,0.0,-1,0.0,-1,0,0,-1,0,-1,-1,0,apple-checker.org/,25,1,-1,-1,0,0,0,0
398,-1,0,0,0,0,0,1,0,-1,0,1,8,0,-1,0,0,1,1.0,0,0,0,0,2,0,0,0,0,1,0,24,3,0.0,-1.0,0.0,-1,0.0,-1,0,0,-1,0,-1,-1,0,kimki.ru/emeka/panelnew/gate.php,39,1,-1,-1,0,0,0,0
399,-1,0,0,0,0,0,0,0,-1,0,1,20,0,-1,0,0,1,1.0,0,0,1,1,2,0,4,0,0,0,0,8,1,0.0,-1.0,0.0,-1,0.0,-1,0,0,-1,0,-1,-1,0,app-facebook2017.com/at.html,35,1,-1,-1,0,0,0,0
400,-1,0,0,0,0,0,0,0,-1,0,1,18,0,-1,0,0,1,1.0,0,0,1,0,2,0,0,0,0,0,0,12,1,0.0,-1.0,0.0,-1,0.0,-1,0,0,-1,0,-1,-1,0,cureeczemafast.org/wp-conf.gbn,37,1,-1,-1,0,0,0,0
401,-1,0,0,0,0,0,0,0,-1,0,1,16,0,-1,0,0,1,1.0,0,0,1,1,1,0,0,0,0,0,0,5,2,0.0,-1.0,0.0,-1,0.0,-1,0,0,-1,0,-1,-1,0,app-facabook.com/new/,28,1,-1,-1,0,0,0,0
402,-1,0,0,0,0,0,0,0,-1,0,1,16,0,-1,0,0,1,1.0,0,0,1,1,1,0,3,0,0,0,0,8,2,0.0,-1.0,0.0,-1,0.0,-1,0,0,-1,0,-1,-1,0,app-facabook.com/iso202/,31,1,-1,-1,0,0,0,0
403,-1,0,0,0,0,0,0,0,-1,0,1,11,0,-1,0,0,1,1.0,0,0,0,0,2,0,0,0,0,1,0,25,3,0.0,-1.0,0.0,-1,0.0,-1,0,0,-1,0,-1,-1,0,oxylala.gdn/victor/panelnew/gate.php,43,1,-1,-1,0,0,0,0
404,-1,0,0,0,0,0,0,0,-1,0,1,20,0,-1,0,0,1,1.0,0,0,0,0,1,0,0,0,0,0,0,1,1,0.0,-1.0,0.0,-1,0.0,-1,0,0,-1,0,-1,-1,0,cbdfamnanafmcdao.ga /,28,1,-1,-1,0,0,0,0
405,1,0,1,0,0,0,0,1,1,0,1,11,0,1,0,1,1,0.0,1,0,1,0,2,0,0,0,0,0,0,30,3,1.0,1.0,1.0,1,1.0,-1,0,0,-1,0,-1,1,0,defibel.org/wp-includes/images/index.html,49,1,-1,-1,0,0,0,0
406,-1,0,0,0,0,0,0,0,-1,0,1,16,0,-1,0,0,1,1.0,0,0,1,1,2,0,0,0,0,0,0,8,1,0.0,-1.0,0.0,-1,0.0,-1,0,0,-1,0,-1,-1,0,app-facabook.com/ta.html,31,1,-1,-1,0,0,0,0
407,1,0,1,0,0,0,1,1,-1,0,0,19,0,1,0,1,1,0.0,1,0,0,0,2,0,0,0,0,0,0,10,1,0.0,0.0,100.0,-1,0.0,-1,0,1,-1,0,-1,1,0,glutenfreeworks.com/lftAd.vfd,37,1,-1,-1,0,0,0,0
408,-1,0,0,0,0,0,0,0,-1,0,1,20,0,-1,0,0,1,1.0,0,0,0,0,1,0,0,0,0,0,0,1,1,0.0,-1.0,0.0,-1,0.0,-1,0,0,-1,0,-1,-1,0,odcbdeknaldcbnnb.com/,28,1,-1,-1,0,0,0,0
409,-1,0,0,0,1,0,0,0,-1,0,1,22,0,-1,0,0,1,1.0,0,0,0,0,3,0,4,0,0,0,0,14,2,0.0,-1.0,0.0,-1,0.0,-1,0,0,-1,1,0,-1,0,mit.fileserver4390.org/file/nost.bgt,43,1,-1,-1,0,0,0,0
410,-1,0,0,0,0,0,1,0,-1,0,1,17,0,-1,0,0,1,1.0,0,0,1,1,1,0,0,0,0,0,0,0,0,0.0,-1.0,0.0,-1,0.0,-1,0,0,-1,0,-1,-1,0,apple-search.info,24,1,-1,-1,0,0,0,0
411,-1,0,0,0,1,0,0,0,-1,0,1,17,0,-1,0,0,1,1.0,0,6,0,0,6,0,43,0,7,0,8,1,1,0.0,-1.0,0.0,-1,0.0,-1,260,0,-1,1,0,-1,0,free.ulohapp.info/?br_fl=2872&amp;tuif=5539&amp;q=z37QMvXcJwDQDoTGMvrESLtEMU_OHEKK2OH_783VCZr9JHT1vvHPRAP7tgW&amp;biw=Microsoft_Edge.94ue73.406s9p6l4&amp;ct=Microsoft_Edge&amp;yus=Microsoft_Edge.71xd75.406d2e1x3&amp;oq=CelTZ_PAkLOZWbATgjEXSfg1izYkLWg5F8qit3BXXmEOZhcWK_yW9UU4HupE,286,-1,-1,-1,0,0,0,0
412,-1,0,0,0,0,0,0,0,-1,0,1,20,0,-1,0,0,1,1.0,0,0,0,0,1,0,0,0,0,0,0,1,1,0.0,-1.0,0.0,-1,0.0,-1,0,0,-1,0,-1,-1,0,dkbealmeofefcfaa.ga /,28,1,-1,-1,0,0,0,0
413,-1,0,0,0,0,0,1,0,-1,0,1,10,0,-1,0,0,1,1.0,0,0,0,0,2,0,0,0,0,1,0,15,2,0.0,-1.0,0.0,-1,0.0,-1,0,0,-1,0,-1,-1,0,minecon.co/Panel/gate.php,32,1,-1,-1,0,0,0,0
414,-1,0,0,0,0,0,0,0,-1,0,1,17,0,-1,0,0,1,1.0,0,0,1,1,1,0,0,0,0,0,0,1,1,0.0,-1.0,0.0,-1,0.0,-1,0,0,-1,0,-1,-1,0,apple-uptoday.org/,25,1,-1,-1,0,0,0,0
415,1,0,0,0,0,0,1,1,1,0,1,15,0,1,0,1,1,0.0,1,0,0,0,3,0,0,0,0,1,0,17,1,1.0,1.0,1.0,1,1.0,-1,0,0,-1,1,0,1,0,www.alfalima.it/transactions.php,40,1,-1,-1,0,0,0,0
416,1,0,0,0,0,0,0,1,1,0,1,15,0,1,0,1,1,0.0,1,0,1,1,3,0,0,0,1,1,0,47,6,1.0,1.0,1.0,1,1.0,-1,6,0,-1,0,-1,1,0,fuji-ncb.com.pk/js/fancybox/autolink/mailbox/mailbox/index.php?email=,77,-1,-1,-1,0,0,0,0
417,-1,0,0,0,0,0,0,0,-1,0,1,18,0,-1,0,1,1,1.0,0,0,1,0,2,0,0,0,0,0,0,38,4,0.0,-1.0,0.0,-1,0.0,-1,0,0,-1,0,-1,-1,0,stefanocardone.com/wp-includes/SimplePie/HTTP/index.html,63,1,-1,-1,0,0,0,0
418,1,0,0,0,1,0,1,-1,1,0,1,14,0,1,0,1,1,0.0,0,0,0,0,2,0,0,0,0,0,0,8,2,100.0,0.0,0.0,1,0.0,-1,0,0,-1,1,0,1,0,informer.pe.hu/Server/,29,1,-1,-1,0,0,0,0
419,-1,0,1,0,1,0,1,0,-1,0,1,21,0,-1,0,1,1,1.0,1,0,4,0,3,0,42,0,0,1,1,88,4,0.0,-1.0,0.0,-1,0.0,-1,0,0,-1,1,0,-1,0,gallery.mailchimp.com/d82ba72c3462a5bca383d5c2d/files/8a4b7173-2210-4a47-ba72-542406c2da15/DHL_OGBCC0991F.zip,117,-1,1,1,0,0,0,0
420,1,0,0,0,0,0,1,1,1,0,1,13,0,1,0,1,1,,1,0,1,1,3,0,0,0,0,0,1,14,1,1.0,1.0,1.0,1,1.0,-1,0,0,-1,1,0,-1,0,mol.com-ho.me/cv_itworx.doc,35,1,-1,-1,0,0,0,0
421,1,0,1,0,0,0,0,1,1,0,1,19,0,1,0,1,1,0.0,1,0,1,0,1,0,8,0,0,0,0,33,5,1.0,1.0,1.0,1,1.0,-1,0,0,-1,0,-1,1,0,shapingsoftware.com/2009/02/09/architectural-styles/,60,1,-1,-1,0,0,0,0
422,-1,0,1,0,0,0,1,0,-1,0,1,34,0,-1,0,0,1,1.0,0,0,0,0,3,0,11,0,0,0,0,0,0,0.0,-1.0,0.0,-1,0.0,-1,0,0,-1,0,-1,-1,0,23.227.196.215/,22,1,-1,-1,0,0,0,0
423,-1,0,1,0,0,0,0,0,-1,0,1,22,0,-1,0,0,1,1.0,0,6,1,0,6,0,46,0,7,0,3,1,1,0.0,-1.0,0.0,-1,0.0,-1,254,0,-1,1,0,-1,0,fine.sedatemychild.com/?br_fl=3676&amp;q=wH_QMvXcJwDOFYbGMvrES6NbNknQA0GPxpH2_drUdZqxKGni1Ob5UUSk6F-CEh3&amp;tuif=5393&amp;yus=SeaMonkey.102lq101.406a3g5p9&amp;biw=SeaMonkey.75wz82.406v5q3p8&amp;oq=hpPUqeOdQaVG3ikyGeFBkyI5eBA8XoqutikPXy0TNg8KErBbcNAp1z6LRVvQ82w&amp;ct=SeaMonkey,285,-1,-1,-1,0,0,0,0
424,-1,0,0,0,0,0,0,0,-1,0,1,16,0,-1,0,0,1,1.0,0,0,1,1,1,0,0,0,0,0,0,1,1,0.0,-1.0,0.0,-1,0.0,-1,0,0,-1,0,-1,-1,0,apple-iclods.org/,24,1,-1,-1,0,0,0,0
425,-1,0,0,0,0,0,0,0,-1,0,1,23,0,-1,0,0,1,1.0,0,0,0,0,2,0,0,0,0,0,0,1,1,0.0,-1.0,0.0,-1,0.0,-1,0,0,-1,0,-1,-1,0,nbaccbooblbceclf.co.uk /,31,1,-1,-1,0,0,0,0
426,-1,0,0,0,0,0,0,0,-1,0,1,20,0,-1,0,0,1,1.0,0,0,0,0,1,0,0,0,0,0,0,1,1,0.0,-1.0,0.0,-1,0.0,-1,0,0,-1,0,-1,-1,0,nkalmobbfecfdfnb.co /,28,1,-1,-1,0,0,0,0
427,-1,0,1,0,0,0,1,0,-1,0,1,19,0,-1,0,1,1,1.0,1,0,0,0,3,0,0,0,0,0,0,8,1,0.0,-1.0,0.0,-1,0.0,-1,0,0,-1,1,0,-1,0,appsnewhot.ddns.net/ck.html,35,1,-1,-1,0,0,0,0
428,-1,0,0,0,0,0,0,0,-1,0,1,20,0,-1,0,0,1,1.0,0,0,0,0,1,0,0,0,0,0,0,1,1,0.0,-1.0,0.0,-1,0.0,-1,0,0,-1,0,-1,-1,0,ncfdanfombncbmcf.co /,28,1,-1,-1,0,0,0,0
429,-1,0,1,0,0,0,1,0,-1,0,1,19,0,-1,0,1,1,1.0,1,0,0,0,2,0,0,0,0,0,0,6,2,0.0,-1.0,0.0,-1,0.0,-1,0,0,-1,1,0,-1,0,appsnewhot.ddns.net/apps/,33,1,-1,-1,0,0,0,0
430,-1,0,0,0,0,0,0,0,-1,0,1,20,0,-1,0,0,1,1.0,0,0,0,0,1,0,0,0,0,0,0,1,1,0.0,-1.0,0.0,-1,0.0,-1,0,0,-1,0,-1,-1,0,cbbkbfecafkcccbn.cc /,28,1,-1,-1,0,0,0,0
431,-1,0,0,0,0,0,0,0,-1,0,1,21,0,-1,0,0,1,1.0,0,0,0,0,1,0,0,0,0,0,0,1,1,0.0,-1.0,0.0,-1,0.0,-1,0,0,-1,0,-1,-1,0,abffccbcobnemfam.net /,29,1,-1,-1,0,0,0,0
432,-1,0,1,0,0,0,1,0,-1,0,1,19,0,-1,0,1,1,1.0,1,0,0,0,2,0,0,0,0,0,0,5,2,0.0,-1.0,0.0,-1,0.0,-1,0,0,-1,1,0,-1,0,appsnewhot.ddns.net/new/,32,1,-1,-1,0,0,0,0
433,-1,0,1,0,0,0,0,0,-1,0,1,26,0,-1,0,0,1,1.0,0,6,2,0,6,0,39,0,7,0,6,1,1,0.0,-1.0,0.0,-1,0.0,-1,223,0,-1,1,0,-1,0,air.picoriveradentista.com/?br_fl=4598&amp;yus=Microsoft_Edge.122yd101.406h4x7z0&amp;tuif=2405&amp;ct=Microsoft_Edge&amp;q=w3jQMvXcJxfQFYbGMv_DSKNbNkfWHViPxo2G9MildZ2qZGX_k7LDfF-qoVncCgWR&amp;biw=Microsoft_Edge.127bv109.406v1e1y0&amp;oq=xfZ5K-cCOAK0iR,258,-1,-1,-1,0,0,0,0
434,1,0,1,0,0,0,0,1,1,0,1,18,0,1,0,1,1,0.0,1,0,0,0,3,0,0,0,0,1,0,21,3,1.0,1.0,1.0,1,1.0,-1,0,0,-1,1,0,1,0,www.itcarezone.com/xlrmp/files/anna.exe,47,1,-1,-1,0,0,0,0
435,1,0,0,0,0,0,1,1,0,0,0,25,0,1,0,1,1,0.0,1,0,0,0,3,0,3,0,0,1,2,38,3,1.0,0.0,1.0,1,0.0,-1,0,0,-1,0,-1,1,0,cherishtreeservices.co.uk/cgi_bin/W/Office365_Certification.zip,71,1,-1,-1,0,0,0,0
436,1,0,1,0,0,0,0,-1,1,0,1,13,0,1,0,1,1,0.0,1,0,0,0,2,0,2,0,0,0,0,10,1,100.0,0.0,0.0,1,0.0,-1,0,0,-1,0,-1,1,0,alsawmala.com/not16.png,31,1,-1,-1,0,0,0,0
437,-1,0,0,0,0,0,0,0,-1,0,1,24,0,-1,0,0,1,1.0,0,0,0,0,1,0,0,0,0,0,0,1,1,0.0,-1.0,0.0,-1,0.0,-1,0,0,-1,0,-1,-1,0,mkfcecfcdlnbnokl.online /,32,1,-1,-1,0,0,0,0
438,-1,0,0,0,1,0,0,0,-1,0,1,17,0,-1,0,0,1,1.0,0,6,2,0,6,0,44,0,7,0,8,1,1,0.0,-1.0,0.0,-1,0.0,-1,261,0,-1,1,0,-1,0,free.ulohapp.info/?oq=CEh3h_PskJLFZaQWwjEKBegUzmYleA11F__2r2ETUm0KegsbX-BDfaQJ1z6I&amp;yus=Microsoft_Edge.74xf83.406n2w1x9&amp;br_fl=1117&amp;ct=Microsoft_Edge&amp;tuif=2964&amp;q=wH3QMvXcJwDJFYbGMvrETqNbNknQA0KPxpH2_drXdZqxKGni1-b5UUSk6F2&amp;biw=Microsoft_Edge.119kt58.406w6h9v6,287,-1,-1,-1,0,0,0,0
439,-1,0,0,0,0,0,0,0,-1,0,1,25,0,-1,0,0,1,1.0,0,0,0,0,1,0,0,0,0,0,0,1,1,0.0,-1.0,0.0,-1,0.0,-1,0,0,-1,0,-1,-1,0,lmbdmaocadfcaene.website /,33,1,-1,-1,0,0,0,0
440,1,0,1,0,0,0,0,1,1,0,1,7,0,1,0,1,1,0.0,0,0,0,0,1,0,3,0,0,0,0,6,2,100.0,1.0,1.0,1,1.0,-1,0,0,-1,0,-1,1,0,909.com/site/,20,1,-1,-1,0,0,0,0
441,-1,0,0,0,0,0,0,0,-1,0,1,25,0,-1,0,0,1,1.0,0,0,0,0,1,0,0,0,0,0,0,1,1,0.0,-1.0,0.0,-1,0.0,-1,0,0,-1,0,-1,-1,0,dacalacdadecflae.website /,33,1,-1,-1,0,0,0,0
442,-1,0,0,0,0,0,0,0,-1,0,1,25,0,-1,0,0,1,1.0,0,0,0,0,1,0,0,0,0,0,0,1,1,0.0,-1.0,0.0,-1,0.0,-1,0,0,-1,0,-1,-1,0,adfenofdfbcfdanc.website /,33,1,-1,-1,0,0,0,0
443,-1,0,0,0,0,0,0,0,-1,0,1,13,0,-1,0,0,1,1.0,0,0,0,0,1,0,0,0,0,0,0,0,0,0.0,-1.0,0.0,-1,0.0,-1,0,0,-1,0,-1,-1,0,hnxrvobhgm.pw,20,1,-1,-1,0,0,0,0
444,-1,0,0,0,0,0,0,0,-1,0,1,21,0,-1,0,0,1,1.0,0,0,0,0,4,0,1,0,1,1,0,9,1,0.0,-1.0,0.0,-1,0.0,-1,7,0,-1,1,0,-1,0,www.iemailpremium.com/read.php?f=1.gif,45,1,-1,-1,0,0,0,0
445,-1,0,0,0,0,0,0,0,-1,0,1,21,0,-1,0,0,1,1.0,0,0,0,0,1,0,0,0,0,0,0,1,1,0.0,-1.0,0.0,-1,0.0,-1,0,0,-1,0,-1,-1,0,doadanalkbbccbcf.com /,29,1,-1,-1,0,0,0,0
446,-1,0,0,0,1,0,0,0,-1,0,1,21,0,-1,0,0,1,1.0,0,6,2,0,6,0,41,0,7,0,6,1,1,0.0,-1.0,0.0,-1,0.0,-1,248,0,-1,1,0,-1,0,new.ASKGRANNYSHOP.COM/?ct=Vivaldi&amp;q=w33QMvXcJxrQFYbGMvPDSKNbNk_WHViPxo6G9MildZqqZGX_k7XDfF-qoV_cCgWR&amp;tuif=1353&amp;biw=Vivaldi.88vj62.406u7g0q8&amp;br_fl=4673&amp;yus=Vivaldi.92nn80.406n0a7s8&amp;oq=xfUpfuMFOwu03kWDcg1lnooMVVoa8Pum3UDczx-cgpCG_RbeNA9Cq6KlJLF_mhj2,278,-1,-1,-1,0,0,0,0
447,-1,0,0,0,0,0,0,0,-1,0,1,22,0,-1,0,0,1,1.0,0,0,0,0,1,0,0,0,0,0,0,1,1,0.0,-1.0,0.0,-1,0.0,-1,0,0,-1,0,-1,-1,0,ffacnoafnfdaafkd.info /,30,1,-1,-1,0,0,0,0
448,-1,0,0,0,0,0,0,0,-1,0,1,24,0,-1,0,0,1,1.0,0,6,0,0,6,0,47,0,7,0,8,1,1,0.0,-1.0,0.0,-1,0.0,-1,261,0,-1,1,0,-1,0,gfd.DATINGUPPERCLASS.COM/?biw=Microsoft_Edge.78gi82.406u8r7h4&amp;ct=Microsoft_Edge&amp;yus=Microsoft_Edge.82rv97.406x5p8i9&amp;oq=eliA9_R8LOBYaQXg20eDfAU0mIhfW1kU86GsiUOBnR_O05_QqR29UToBvdeW&amp;tuif=4675&amp;br_fl=4560&amp;q=znfQMvXcJwDQDovGMvrESLtEMUjQA0KK2OH_762yEoH9JHT1vrHUSkrttgWC,294,-1,-1,-1,0,0,0,0
449,-1,0,0,0,0,0,0,0,-1,0,1,17,0,-1,0,0,1,1.0,0,0,0,0,4,0,1,0,1,1,0,9,1,0.0,-1.0,0.0,-1,0.0,-1,7,0,-1,1,0,-1,0,www.fapoergol.top/read.php?f=1.gif,41,1,-1,-1,0,0,0,0
450,-1,0,0,0,0,0,0,0,-1,0,1,11,0,-1,0,0,1,1.0,0,0,0,0,2,0,0,0,0,1,0,24,3,0.0,-1.0,0.0,-1,0.0,-1,0,0,-1,0,-1,-1,0,oxylala.gdn/asaba/panelnew/gate.php,42,1,-1,-1,0,0,0,0
451,1,0,1,0,0,0,0,1,1,0,1,13,0,1,0,1,1,0.0,1,0,0,0,1,0,0,0,0,0,1,10,2,100.0,0.0,0.0,1,0.0,-1,0,0,-1,0,-1,1,0,pflmethod.com/cgi_bin/>,31,1,-1,-1,0,0,0,0
452,-1,0,0,0,0,0,0,0,-1,0,1,24,0,-1,0,0,1,1.0,0,0,0,0,1,0,0,0,0,0,0,1,1,0.0,-1.0,0.0,-1,0.0,-1,0,0,-1,0,-1,-1,0,fbmdnaccnacafacd.online /,32,1,-1,-1,0,0,0,0
453,-1,0,1,0,0,0,0,0,-1,0,1,23,0,-1,0,0,1,1.0,0,0,0,0,1,0,0,0,0,0,0,0,0,0.0,-1.0,0.0,-1,0.0,-1,0,0,-1,0,-1,-1,0, highpowerresources.com,30,1,-1,-1,0,0,0,0
454,1,0,0,0,0,0,1,1,0,0,0,25,0,1,0,1,1,0.0,1,0,0,0,3,0,0,0,0,1,1,19,2,1.0,0.0,1.0,1,0.0,-1,0,0,-1,0,-1,1,0,cherishtreeservices.co.uk/cgi_bin/index.php>,52,1,-1,-1,0,0,0,0
455,1,0,1,0,0,0,1,-1,1,0,1,10,0,1,0,1,1,0.0,1,0,1,0,3,0,4,0,0,0,0,57,5,98.12409812409813,0.0,92.85714285714286,-1,0.0,-1,0,0,-1,0,-1,1,0,knf.gov.pl/DefaultDesign/Layouts/KNF2013/resources/accordian-src.js,75,0,-1,-1,0,0,0,0
456,-1,0,0,0,0,0,0,0,-1,0,1,13,0,-1,0,0,1,1.0,0,0,0,0,1,0,0,0,0,0,0,0,0,0.0,-1.0,0.0,-1,0.0,-1,0,0,-1,0,-1,-1,0,vdpbkmwbnp.pw,20,1,-1,-1,0,0,0,0
457,-1,0,0,0,0,0,0,0,-1,0,1,25,0,-1,0,0,1,1.0,0,0,0,0,1,0,0,0,0,0,0,1,1,0.0,-1.0,0.0,-1,0.0,-1,0,0,-1,0,-1,-1,0,bdfadaadcmmekamo.website /,33,1,-1,-1,0,0,0,0
458,1,0,0,0,0,0,1,1,1,0,1,10,0,1,0,1,1,0.0,0,0,0,0,1,0,4,0,0,0,0,1,1,1.0,1.0,1.0,1,1.0,-1,0,0,-1,0,-1,1,0,f4321y.com/,18,1,-1,-1,0,0,0,0
459,1,0,0,0,0,0,1,1,1,0,1,10,0,1,0,1,1,0.0,0,0,0,0,1,0,0,0,0,0,0,1,1,1.0,1.0,1.0,1,1.0,-1,0,0,-1,0,-1,1,0,mykings.pw/,18,1,-1,-1,0,0,0,0
460,-1,0,1,0,0,0,0,0,-1,0,1,31,0,-1,0,1,1,1.0,0,0,0,4,3,0,9,0,0,0,0,0,0,0.0,-1.0,0.0,-1,0.0,-1,0,0,-1,0,-1,-1,0,60.250.76.52/,20,1,1,1,0,0,0,0
461,-1,0,0,0,0,0,0,0,-1,0,1,13,0,-1,0,1,1,1.0,0,0,0,0,3,0,10,0,0,0,0,0,0,0.0,-1.0,0.0,-1,0.0,-1,0,0,-1,0,-1,-1,0,94.140.120.88,20,1,-1,-1,0,0,0,0
462,-1,0,0,0,0,0,0,0,-1,0,1,13,0,-1,0,1,1,1.0,0,0,0,0,3,0,10,0,0,0,0,0,0,0.0,-1.0,0.0,-1,0.0,-1,0,0,-1,0,-1,-1,0,146.71.84.110,20,1,-1,-1,0,0,0,0
463,-1,0,0,0,0,0,0,0,-1,0,1,14,0,-1,0,1,1,1.0,0,0,0,0,3,0,11,0,0,0,0,0,0,0.0,-1.0,0.0,-1,0.0,-1,0,0,-1,0,-1,-1,0,185.175.208.12,21,1,-1,-1,0,0,0,0
